OrderID,OrderDate,Region,Store,Salesperson,CustomerType,ProductID,Product,Category,Units,UnitPrice,DiscountPct,PaymentMethod
NM-00001,2025-01-01,Abuja,Abuja - Wuse,Chidi Uzor,Online,P040,HP Ink Cartridge 305,Office,1,14500,0,Cash
NM-00002,2025-01-01,Lagos,Lagos - Surulere,Dayo Suleiman,Retail,P014,JBL Flip 6 Speaker,TV & Audio,2,129000,0,Cash
NM-00003,2025-01-01,Enugu,Enugu - Independence Layout,Dayo Abubakar,Retail,P007,Phone Charger (Fast),Accessories,5,7500,5,Transfer
NM-00004,2025-01-01,Abuja,Abuja - Wuse,Bola Musa,Online,P014,JBL Flip 6 Speaker,TV & Audio,2,129000,0,Transfer
NM-00005,2025-01-01,Lagos,Lagos - Ikeja,Chioma Onyeka,Online,P001,Tecno Spark 20,Phones,2,145000,0,Transfer
NM-00006,2025-01-01,Kano,Kano - Sabon Gari,Hauwa Danjuma,Retail,P026,Indomie Carton (40),Groceries,2,13500,0,POS
NM-00007,2025-01-02,Port Harcourt,Port Harcourt - GRA,Segun Chukwu,Retail,P006,Oraimo FreePods 4,Accessories,5,25500,0,Transfer
NM-00008,2025-01-02,Ibadan,Ibadan - Bodija,Bisi Olawale,Retail,P007,Phone Charger (Fast),Accessories,7,7500,0,Transfer
NM-00009,2025-01-03,Lagos,Lagos - Surulere,Adaeze Garba,Retail,P028,Peak Milk Tin (24),Groceries,12,16500,0,POS
NM-00010,2025-01-03,Ibadan,Ibadan - Bodija,Bisi Olawale,Retail,P039,Printer Paper A4 (Box),Office,3,24500,10,POS
NM-00011,2025-01-03,Lagos,Lagos - Ikeja,Ngozi Olawale,Online,P030,Sugar 1kg (x10),Groceries,11,15000,5,Transfer
NM-00012,2025-01-03,Port Harcourt,Port Harcourt - GRA,Ibrahim Danjuma,Retail,P026,Indomie Carton (40),Groceries,9,13500,10,Cash
NM-00013,2025-01-03,Lagos,Lagos - Surulere,Dayo Suleiman,Retail,P025,Vegetable Oil 5L,Groceries,3,17500,15,POS
NM-00014,2025-01-04,Lagos,Lagos - Ikeja,Chioma Onyeka,Online,P034,Sneakers (Unisex),Fashion,9,26000,10,Transfer
NM-00015,2025-01-04,Lagos,Lagos - Surulere,Adaeze Garba,Retail,P023,Surge Protector,Power,4,12500,5,POS
NM-00016,2025-01-04,Lagos,Lagos - Lekki,Ifeanyi Adebayo,Retail,P017,Binatone Blender,Appliances,3,29500,5,POS
NM-00017,2025-01-04,Lagos,Lagos - Lekki,Uche Musa,Retail,P003,Samsung Galaxy A15,Phones,2,205000,0,Transfer
NM-00018,2025-01-04,Lagos,Lagos - Ikeja,Chioma Onyeka,Retail,P034,Sneakers (Unisex),Fashion,12,26000,10,Cash
NM-00019,2025-01-04,Abuja,Abuja - Wuse,Bola Musa,Retail,P007,Phone Charger (Fast),Accessories,10,7500,0,Card
NM-00020,2025-01-04,Abuja,Abuja - Garki,Bola Okafor,Retail,P039,Printer Paper A4 (Box),Office,8,24500,0,POS
NM-00021,2025-01-04,Ibadan,Ibadan - Bodija,Tunde Adebayo,Wholesale,P020,Microwave Oven 20L,Appliances,56,86000,10,Card
NM-00022,2025-01-05,Abuja,Abuja - Garki,Femi Suleiman,Retail,P040,HP Ink Cartridge 305,Office,12,14500,0,Transfer
NM-00023,2025-01-05,Abuja,Abuja - Garki,Femi Suleiman,Retail,P027,Milo 1kg Refill,Groceries,3,9200,0,Transfer
NM-00024,2025-01-06,Abuja,Abuja - Garki,Femi Suleiman,Wholesale,P030,Sugar 1kg (x10),Groceries,32,15000,15,POS
NM-00025,2025-01-06,Port Harcourt,Port Harcourt - GRA,Nneka Olawale,Online,P003,Samsung Galaxy A15,Phones,1,205000,0,POS
NM-00026,2025-01-06,Abuja,Abuja - Wuse,Tunde Eze,Retail,P007,Phone Charger (Fast),Accessories,6,7500,15,Card
NM-00027,2025-01-06,Kano,Kano - Sabon Gari,Bisi Onyeka,Retail,P023,Surge Protector,Power,7,12500,0,Transfer
NM-00028,2025-01-06,Lagos,Lagos - Lekki,Uche Musa,Retail,P005,Oraimo Power Bank 20000mAh,Accessories,8,21000,0,POS
NM-00029,2025-01-06,Lagos,Lagos - Lekki,Uche Uzor,Retail,P007,Phone Charger (Fast),Accessories,8,7500,15,Transfer
NM-00030,2025-01-06,Lagos,Lagos - Lekki,Uche Musa,Retail,P020,Microwave Oven 20L,Appliances,3,86000,0,POS
NM-00031,2025-01-06,Abuja,Abuja - Wuse,Bola Musa,Online,P035,School Bag,Fashion,3,12500,0,POS
NM-00032,2025-01-07,Kano,Kano - Sabon Gari,Bisi Onyeka,Retail,P029,Semovita 10kg,Groceries,12,11800,0,POS
NM-00033,2025-01-07,Lagos,Lagos - Ikeja,Tolu Eze,Retail,P007,Phone Charger (Fast),Accessories,1,7500,0,Card
NM-00034,2025-01-07,Lagos,Lagos - Ikeja,Chioma Onyeka,Retail,P037,Study Desk,Furniture,11,64000,0,POS
NM-00035,2025-01-07,Abuja,Abuja - Wuse,Tunde Eze,Retail,P039,Printer Paper A4 (Box),Office,8,24500,0,POS
NM-00036,2025-01-07,Port Harcourt,Port Harcourt - GRA,Ibrahim Danjuma,Online,P029,Semovita 10kg,Groceries,11,11800,10,Transfer
NM-00037,2025-01-07,Lagos,Lagos - Surulere,Kelechi Garba,Retail,P023,Surge Protector,Power,6,12500,0,Transfer
NM-00038,2025-01-07,Lagos,Lagos - Ikeja,Tolu Eze,Wholesale,P006,Oraimo FreePods 4,Accessories,24,25500,10,POS
NM-00039,2025-01-08,Lagos,Lagos - Ikeja,Chioma Onyeka,Wholesale,P040,HP Ink Cartridge 305,Office,16,14500,10,Transfer
NM-00040,2025-01-08,Abuja,Abuja - Garki,Femi Suleiman,Online,P006,Oraimo FreePods 4,Accessories,10,25500,0,Transfer
NM-00041,2025-01-08,Lagos,Lagos - Ikeja,Ngozi Olawale,Wholesale,P031,Ankara Fabric (6 yards),Fashion,70,18500,15,Cash
NM-00042,2025-01-08,Lagos,Lagos - Lekki,Uche Uzor,Retail,P030,Sugar 1kg (x10),Groceries,4,15000,0,Transfer
NM-00043,2025-01-08,Lagos,Lagos - Ikeja,Chioma Onyeka,Retail,P024,Rice 50kg (Local),Groceries,1,78000,0,Transfer
NM-00044,2025-01-08,Abuja,Abuja - Wuse,Bola Musa,Online,P019,"Standing Fan 18""",Appliances,2,38500,10,Transfer
NM-00045,2025-01-09,Lagos,Lagos - Ikeja,Tolu Eze,Online,P014,JBL Flip 6 Speaker,TV & Audio,2,129000,5,POS
NM-00046,2025-01-09,Abuja,Abuja - Wuse,Chidi Uzor,Retail,P004,iPhone 13 (Refurbished),Phones,1,640000,0,POS
NM-00047,2025-01-09,Abuja,Abuja - Wuse,Tunde Eze,Online,P007,Phone Charger (Fast),Accessories,2,7500,5,Cash
NM-00048,2025-01-09,Abuja,Abuja - Garki,Femi Suleiman,Retail,P002,Infinix Hot 40,Phones,3,162000,10,Transfer
NM-00049,2025-01-09,Enugu,Enugu - Independence Layout,Zainab Obi,Retail,P034,Sneakers (Unisex),Fashion,4,26000,5,POS
NM-00050,2025-01-10,Enugu,Enugu - Independence Layout,Zainab Obi,Online,P030,Sugar 1kg (x10),Groceries,6,15000,10,Cash
NM-00051,2025-01-10,Abuja,Abuja - Garki,Bola Okafor,Retail,P031,Ankara Fabric (6 yards),Fashion,11,18500,0,POS
NM-00052,2025-01-10,Enugu,Enugu - Independence Layout,Dayo Abubakar,Retail,P007,Phone Charger (Fast),Accessories,7,7500,5,POS
NM-00053,2025-01-11,Abuja,Abuja - Wuse,Tunde Eze,Retail,P028,Peak Milk Tin (24),Groceries,2,16500,0,Transfer
NM-00054,2025-01-11,Lagos,Lagos - Ikeja,Ngozi Olawale,Retail,P024,Rice 50kg (Local),Groceries,10,78000,0,Transfer
NM-00055,2025-01-11,Lagos,Lagos - Ikeja,Tolu Eze,Retail,P015,Sound Bar 2.1,TV & Audio,8,95000,5,Cash
NM-00056,2025-01-11,Port Harcourt,Port Harcourt - GRA,Nneka Olawale,Retail,P038,Mattress 6x6,Furniture,2,178000,10,POS
NM-00057,2025-01-11,Lagos,Lagos - Surulere,Kelechi Garba,Retail,P024,Rice 50kg (Local),Groceries,1,78000,10,POS
NM-00058,2025-01-11,Kano,Kano - Sabon Gari,Maryam Chukwu,Retail,P005,Oraimo Power Bank 20000mAh,Accessories,3,21000,0,Transfer
NM-00059,2025-01-11,Lagos,Lagos - Ikeja,Tolu Eze,Online,P023,Surge Protector,Power,1,12500,15,Transfer
NM-00060,2025-01-12,Port Harcourt,Port Harcourt - GRA,Ibrahim Danjuma,Retail,P029,Semovita 10kg,Groceries,5,11800,0,Card
NM-00061,2025-01-12,Abuja,Abuja - Wuse,Bola Musa,Retail,P016,Thermocool Freezer 200L,Appliances,2,318000,10,POS
NM-00062,2025-01-12,Lagos,Lagos - Lekki,Uche Musa,Retail,P003,Samsung Galaxy A15,Phones,1,205000,0,Cash
NM-00063,2025-01-12,Enugu,Enugu - Independence Layout,Dayo Abubakar,Online,P039,Printer Paper A4 (Box),Office,1,24500,0,Card
NM-00064,2025-01-12,Lagos,Lagos - Ikeja,Chioma Onyeka,Retail,P007,Phone Charger (Fast),Accessories,2,7500,0,POS
NM-00065,2025-01-12,Lagos,Lagos - Surulere,Adaeze Garba,Retail,P025,Vegetable Oil 5L,Groceries,1,17500,5,Cash
NM-00066,2025-01-12,Enugu,Enugu - Independence Layout,Zainab Obi,Retail,P002,Infinix Hot 40,Phones,3,162000,0,POS
NM-00067,2025-01-12,Lagos,Lagos - Ikeja,Ngozi Olawale,Online,P031,Ankara Fabric (6 yards),Fashion,2,18500,0,Transfer
NM-00068,2025-01-13,Enugu,Enugu - Independence Layout,Dayo Abubakar,Wholesale,P024,Rice 50kg (Local),Groceries,12,78000,15,Transfer
NM-00069,2025-01-13,Abuja,Abuja - Wuse,Tunde Eze,Wholesale,P011,Wireless Mouse,Accessories,6,9500,10,Cash
NM-00070,2025-01-13,Abuja,Abuja - Wuse,Bola Musa,Retail,P024,Rice 50kg (Local),Groceries,11,78000,15,POS
NM-00071,2025-01-13,Lagos,Lagos - Ikeja,Ngozi Olawale,Retail,P027,Milo 1kg Refill,Groceries,9,9200,0,POS
NM-00072,2025-01-13,Lagos,Lagos - Lekki,Uche Musa,Online,P007,Phone Charger (Fast),Accessories,8,7500,5,Transfer
NM-00073,2025-01-13,Abuja,Abuja - Wuse,Tunde Eze,Retail,P001,Tecno Spark 20,Phones,3,145000,0,POS
NM-00074,2025-01-13,Lagos,Lagos - Ikeja,Chioma Onyeka,Retail,P011,Wireless Mouse,Accessories,4,9500,0,Cash
NM-00075,2025-01-13,Port Harcourt,Port Harcourt - GRA,Ibrahim Danjuma,Retail,P020,Microwave Oven 20L,Appliances,4,86000,0,Transfer
NM-00076,2025-01-13,Port Harcourt,Port Harcourt - GRA,Segun Chukwu,Retail,P033,Women's Ankara Dress,Fashion,8,31000,0,Transfer
NM-00077,2025-01-13,Lagos,Lagos - Ikeja,Chioma Onyeka,Online,P017,Binatone Blender,Appliances,11,29500,0,Transfer
NM-00078,2025-01-14,Ibadan,Ibadan - Bodija,Bisi Olawale,Retail,P023,Surge Protector,Power,11,12500,0,Transfer
NM-00079,2025-01-14,Abuja,Abuja - Garki,Zainab Eze,Online,P033,Women's Ankara Dress,Fashion,6,31000,0,Transfer
NM-00080,2025-01-14,Lagos,Lagos - Surulere,Adaeze Garba,Wholesale,P026,Indomie Carton (40),Groceries,33,13500,15,Card
NM-00081,2025-01-15,Port Harcourt,Port Harcourt - GRA,Ibrahim Danjuma,Retail,P035,School Bag,Fashion,2,12500,10,POS
NM-00082,2025-01-15,Lagos,Lagos - Ikeja,Tolu Eze,Retail,P033,Women's Ankara Dress,Fashion,11,31000,5,POS
NM-00083,2025-01-15,Ibadan,Ibadan - Bodija,Tolu Bello,Wholesale,P002,Infinix Hot 40,Phones,21,162000,10,POS
NM-00084,2025-01-15,Abuja,Abuja - Garki,Femi Suleiman,Online,P028,Peak Milk Tin (24),Groceries,3,16500,10,Transfer
NM-00085,2025-01-15,Lagos,Lagos - Lekki,Uche Musa,Retail,P007,Phone Charger (Fast),Accessories,7,7500,10,Card
NM-00086,2025-01-15,Ibadan,Ibadan - Bodija,Tunde Adebayo,Retail,P027,Milo 1kg Refill,Groceries,3,9200,0,Transfer
NM-00087,2025-01-16,Ibadan,Ibadan - Bodija,Tunde Adebayo,Online,P032,Men's Senator Wear,Fashion,6,35000,5,Transfer
NM-00088,2025-01-16,Abuja,Abuja - Wuse,Chidi Uzor,Retail,P025,Vegetable Oil 5L,Groceries,9,17500,5,Cash
NM-00089,2025-01-16,Ibadan,Ibadan - Bodija,Bisi Olawale,Retail,P029,Semovita 10kg,Groceries,10,11800,10,Transfer
NM-00090,2025-01-16,Lagos,Lagos - Surulere,Dayo Suleiman,Retail,P035,School Bag,Fashion,4,12500,5,Cash
NM-00091,2025-01-17,Kano,Kano - Sabon Gari,Maryam Chukwu,Retail,P029,Semovita 10kg,Groceries,1,11800,10,Cash
NM-00092,2025-01-17,Enugu,Enugu - Independence Layout,Dayo Abubakar,Retail,P017,Binatone Blender,Appliances,7,29500,0,Transfer
NM-00093,2025-01-18,Lagos,Lagos - Lekki,Uche Musa,Retail,P007,Phone Charger (Fast),Accessories,2,7500,0,Transfer
NM-00094,2025-01-18,Lagos,Lagos - Lekki,Uche Musa,Online,P039,Printer Paper A4 (Box),Office,5,24500,5,Transfer
NM-00095,2025-01-18,Abuja,Abuja - Wuse,Chidi Uzor,Retail,P007,Phone Charger (Fast),Accessories,5,7500,5,Transfer
NM-00096,2025-01-18,Enugu,Enugu - Independence Layout,Zainab Obi,Online,P027,Milo 1kg Refill,Groceries,10,9200,0,POS
NM-00097,2025-01-18,Lagos,Lagos - Lekki,Ifeanyi Adebayo,Online,P031,Ankara Fabric (6 yards),Fashion,3,18500,10,Transfer
NM-00098,2025-01-18,Enugu,Enugu - Independence Layout,Emeka Garba,Retail,P017,Binatone Blender,Appliances,7,29500,0,Transfer
NM-00099,2025-01-18,Kano,Kano - Sabon Gari,Hauwa Danjuma,Retail,P028,Peak Milk Tin (24),Groceries,6,16500,5,Cash
NM-00100,2025-01-19,Abuja,Abuja - Garki,Zainab Eze,Online,P027,Milo 1kg Refill,Groceries,12,9200,5,POS
NM-00101,2025-01-20,Lagos,Lagos - Ikeja,Ngozi Olawale,Retail,P003,Samsung Galaxy A15,Phones,1,205000,5,POS
NM-00102,2025-01-20,Lagos,Lagos - Surulere,Kelechi Garba,Retail,P019,"Standing Fan 18""",Appliances,5,38500,5,POS
NM-00103,2025-01-20,Port Harcourt,Port Harcourt - GRA,Segun Chukwu,Retail,P032,Men's Senator Wear,Fashion,2,35000,0,Cash
NM-00104,2025-01-20,Enugu,Enugu - Independence Layout,Zainab Obi,Retail,P033,Women's Ankara Dress,Fashion,3,31000,0,Cash
NM-00105,2025-01-20,Enugu,Enugu - Independence Layout,Dayo Abubakar,Retail,P028,Peak Milk Tin (24),Groceries,2,16500,5,Transfer
NM-00106,2025-01-20,Port Harcourt,Port Harcourt - GRA,Segun Chukwu,Online,P031,Ankara Fabric (6 yards),Fashion,12,18500,5,Transfer
NM-00107,2025-01-20,Abuja,Abuja - Wuse,Bola Musa,Wholesale,P006,Oraimo FreePods 4,Accessories,5,25500,15,Transfer
NM-00108,2025-01-21,Lagos,Lagos - Lekki,Uche Musa,Retail,P034,Sneakers (Unisex),Fashion,9,26000,0,Cash
NM-00109,2025-01-21,Port Harcourt,Port Harcourt - GRA,Segun Chukwu,Online,P001,Tecno Spark 20,Phones,2,145000,0,Transfer
NM-00110,2025-01-21,Lagos,Lagos - Lekki,Ifeanyi Adebayo,Retail,P024,Rice 50kg (Local),Groceries,9,78000,10,POS
NM-00111,2025-01-21,Abuja,Abuja - Wuse,Bola Musa,Retail,P023,Surge Protector,Power,8,12500,5,POS
NM-00112,2025-01-22,Lagos,Lagos - Surulere,Kelechi Garba,Retail,P035,School Bag,Fashion,1,12500,5,Card
NM-00113,2025-01-22,Kano,Kano - Sabon Gari,Hauwa Danjuma,Retail,P024,Rice 50kg (Local),Groceries,12,78000,10,Card
NM-00114,2025-01-22,Lagos,Lagos - Lekki,Uche Uzor,Retail,P017,Binatone Blender,Appliances,9,29500,5,Cash
NM-00115,2025-01-22,Enugu,Enugu - Independence Layout,Dayo Abubakar,Retail,P030,Sugar 1kg (x10),Groceries,8,15000,10,Transfer
NM-00116,2025-01-22,Lagos,Lagos - Lekki,Uche Uzor,Retail,P014,JBL Flip 6 Speaker,TV & Audio,2,129000,0,POS
NM-00117,2025-01-22,Enugu,Enugu - Independence Layout,Zainab Obi,Retail,P019,"Standing Fan 18""",Appliances,10,38500,0,POS
NM-00118,2025-01-23,Lagos,Lagos - Surulere,Dayo Suleiman,Wholesale,P031,Ankara Fabric (6 yards),Fashion,64,18500,10,Card
NM-00119,2025-01-23,Abuja,Abuja - Garki,Zainab Eze,Retail,P020,Microwave Oven 20L,Appliances,9,86000,0,POS
NM-00120,2025-01-23,Abuja,Abuja - Wuse,Bola Musa,Retail,P026,Indomie Carton (40),Groceries,5,13500,0,Cash
NM-00121,2025-01-23,Lagos,Lagos - Surulere,Kelechi Garba,Retail,P011,Wireless Mouse,Accessories,11,9500,0,Transfer
NM-00122,2025-01-23,Lagos,Lagos - Surulere,Dayo Suleiman,Online,P030,Sugar 1kg (x10),Groceries,9,15000,5,Transfer
NM-00123,2025-01-23,Lagos,Lagos - Ikeja,Chioma Onyeka,Retail,P001,Tecno Spark 20,Phones,1,145000,0,Cash
NM-00124,2025-01-23,Kano,Kano - Sabon Gari,Bisi Onyeka,Online,P030,Sugar 1kg (x10),Groceries,3,15000,5,Transfer
NM-00125,2025-01-24,Kano,Kano - Sabon Gari,Maryam Chukwu,Retail,P025,Vegetable Oil 5L,Groceries,4,17500,0,Cash
NM-00126,2025-01-24,Kano,Kano - Sabon Gari,Maryam Chukwu,Retail,P039,Printer Paper A4 (Box),Office,3,24500,5,Transfer
NM-00127,2025-01-24,Abuja,Abuja - Garki,Zainab Eze,Online,P016,Thermocool Freezer 200L,Appliances,1,318000,0,Transfer
NM-00128,2025-01-24,Abuja,Abuja - Garki,Zainab Eze,Retail,P007,Phone Charger (Fast),Accessories,8,7500,5,Cash
NM-00129,2025-01-24,Lagos,Lagos - Ikeja,Ngozi Olawale,Retail,P027,Milo 1kg Refill,Groceries,2,9200,0,POS
NM-00130,2025-01-25,Port Harcourt,Port Harcourt - GRA,Ibrahim Danjuma,Retail,P034,Sneakers (Unisex),Fashion,6,26000,0,Card
NM-00131,2025-01-25,Lagos,Lagos - Surulere,Adaeze Garba,Wholesale,P033,Women's Ankara Dress,Fashion,25,31000,10,Cash
NM-00132,2025-01-25,Kano,Kano - Sabon Gari,Maryam Chukwu,Retail,P010,Dell Inspiron 15,Computers,2,649000,5,Cash
NM-00133,2025-01-25,Port Harcourt,Port Harcourt - GRA,Ibrahim Danjuma,Retail,P029,Semovita 10kg,Groceries,10,11800,0,Cash
NM-00134,2025-01-26,Enugu,Enugu - Independence Layout,Emeka Garba,Retail,P027,Milo 1kg Refill,Groceries,3,9200,5,Card
NM-00135,2025-01-26,Enugu,Enugu - Independence Layout,Zainab Obi,Retail,P040,HP Ink Cartridge 305,Office,10,14500,0,Cash
NM-00136,2025-01-26,Enugu,Enugu - Independence Layout,Zainab Obi,Retail,P011,Wireless Mouse,Accessories,7,9500,15,Transfer
NM-00137,2025-01-26,Abuja,Abuja - Garki,Bola Okafor,Retail,P007,Phone Charger (Fast),Accessories,10,7500,10,Cash
NM-00138,2025-01-26,Lagos,Lagos - Ikeja,Chioma Onyeka,Retail,P008,HP 250 G9 Laptop,Computers,1,585000,10,Card
NM-00139,2025-01-26,Enugu,Enugu - Independence Layout,Dayo Abubakar,Retail,P021,Solar Generator 1kVA,Power,2,475000,0,POS
NM-00140,2025-01-27,Lagos,Lagos - Surulere,Dayo Suleiman,Retail,P025,Vegetable Oil 5L,Groceries,4,17500,0,Card
NM-00141,2025-01-28,Port Harcourt,Port Harcourt - GRA,Ibrahim Danjuma,Online,P006,Oraimo FreePods 4,Accessories,9,25500,0,Transfer
NM-00142,2025-01-28,Kano,Kano - Sabon Gari,Maryam Chukwu,Retail,P032,Men's Senator Wear,Fashion,2,35000,5,Cash
NM-00143,2025-01-28,Lagos,Lagos - Ikeja,Ngozi Olawale,Online,P037,Study Desk,Furniture,11,64000,0,Transfer
NM-00144,2025-01-28,Ibadan,Ibadan - Bodija,Bisi Olawale,Retail,P002,Infinix Hot 40,Phones,1,162000,10,Transfer
NM-00145,2025-01-28,Abuja,Abuja - Wuse,Bola Musa,Retail,P011,Wireless Mouse,Accessories,3,9500,0,Transfer
NM-00146,2025-01-28,Lagos,Lagos - Surulere,Kelechi Garba,Online,P005,Oraimo Power Bank 20000mAh,Accessories,1,21000,5,Transfer
NM-00147,2025-01-28,Lagos,Lagos - Ikeja,Ngozi Olawale,Retail,P033,Women's Ankara Dress,Fashion,9,31000,0,Transfer
NM-00148,2025-01-28,Lagos,Lagos - Ikeja,Ngozi Olawale,Retail,P002,Infinix Hot 40,Phones,2,162000,0,Transfer
NM-00149,2025-01-28,Abuja,Abuja - Garki,Zainab Eze,Retail,P027,Milo 1kg Refill,Groceries,7,9200,0,POS
NM-00150,2025-01-29,Abuja,Abuja - Garki,Bola Okafor,Online,P024,Rice 50kg (Local),Groceries,2,78000,0,Card
NM-00151,2025-01-29,Ibadan,Ibadan - Bodija,Bisi Olawale,Online,P001,Tecno Spark 20,Phones,2,145000,5,Transfer
NM-00152,2025-01-30,Lagos,Lagos - Surulere,Kelechi Garba,Online,P007,Phone Charger (Fast),Accessories,1,7500,5,Cash
NM-00153,2025-01-30,Port Harcourt,Port Harcourt - GRA,Ibrahim Danjuma,Retail,P026,Indomie Carton (40),Groceries,9,13500,0,Cash
NM-00154,2025-01-30,Port Harcourt,Port Harcourt - GRA,Segun Chukwu,Wholesale,P014,JBL Flip 6 Speaker,TV & Audio,16,129000,15,Cash
NM-00155,2025-01-30,Abuja,Abuja - Wuse,Bola Musa,Retail,P029,Semovita 10kg,Groceries,5,11800,15,Card
NM-00156,2025-01-30,Port Harcourt,Port Harcourt - GRA,Nneka Olawale,Online,P015,Sound Bar 2.1,TV & Audio,8,95000,5,POS
NM-00157,2025-01-30,Lagos,Lagos - Surulere,Dayo Suleiman,Retail,P001,Tecno Spark 20,Phones,2,145000,0,POS
NM-00158,2025-01-31,Kano,Kano - Sabon Gari,Bisi Onyeka,Retail,P038,Mattress 6x6,Furniture,1,178000,10,Transfer
NM-00159,2025-01-31,Lagos,Lagos - Lekki,Uche Musa,Online,P005,Oraimo Power Bank 20000mAh,Accessories,2,21000,10,Transfer
NM-00160,2025-01-31,Kano,Kano - Sabon Gari,Bisi Onyeka,Online,P024,Rice 50kg (Local),Groceries,4,78000,5,Transfer
NM-00161,2025-01-31,Enugu,Enugu - Independence Layout,Emeka Garba,Online,P006,Oraimo FreePods 4,Accessories,6,25500,0,Transfer
NM-00162,2025-01-31,Lagos,Lagos - Ikeja,Chioma Onyeka,Retail,P027,Milo 1kg Refill,Groceries,2,9200,10,Transfer
NM-00163,2025-01-31,Lagos,Lagos - Lekki,Uche Musa,Online,P006,Oraimo FreePods 4,Accessories,6,25500,0,POS
NM-00164,2025-02-01,Abuja,Abuja - Wuse,Bola Musa,Wholesale,P040,HP Ink Cartridge 305,Office,15,14500,15,Transfer
NM-00165,2025-02-01,Abuja,Abuja - Wuse,Chidi Uzor,Online,P003,Samsung Galaxy A15,Phones,3,205000,15,Transfer
NM-00166,2025-02-01,Ibadan,Ibadan - Bodija,Tunde Adebayo,Retail,P006,Oraimo FreePods 4,Accessories,8,25500,10,Card
NM-00167,2025-02-01,Port Harcourt,Port Harcourt - GRA,Ibrahim Danjuma,Wholesale,P007,Phone Charger (Fast),Accessories,24,7500,10,Transfer
NM-00168,2025-02-01,Lagos,Lagos - Ikeja,Tolu Eze,Online,P002,Infinix Hot 40,Phones,1,162000,0,Transfer
NM-00169,2025-02-01,Abuja,Abuja - Garki,Bola Okafor,Retail,P011,Wireless Mouse,Accessories,1,9500,10,Card
NM-00170,2025-02-02,Lagos,Lagos - Lekki,Uche Uzor,Retail,P007,Phone Charger (Fast),Accessories,3,7500,0,Cash
NM-00171,2025-02-02,Abuja,Abuja - Wuse,Chidi Uzor,Retail,P007,Phone Charger (Fast),Accessories,8,7500,0,POS
NM-00172,2025-02-02,Port Harcourt,Port Harcourt - GRA,Nneka Olawale,Online,P002,Infinix Hot 40,Phones,3,162000,0,Transfer
NM-00173,2025-02-03,Ibadan,Ibadan - Bodija,Bisi Olawale,Online,P040,HP Ink Cartridge 305,Office,1,14500,0,Transfer
NM-00174,2025-02-03,Port Harcourt,Port Harcourt - GRA,Nneka Olawale,Wholesale,P031,Ankara Fabric (6 yards),Fashion,18,18500,15,Transfer
NM-00175,2025-02-03,Kano,Kano - Sabon Gari,Maryam Chukwu,Online,P012,"LG 43"" Smart TV",TV & Audio,2,349000,0,Transfer
NM-00176,2025-02-03,Ibadan,Ibadan - Bodija,Bisi Olawale,Wholesale,P030,Sugar 1kg (x10),Groceries,36,15000,15,Card
NM-00177,2025-02-04,Lagos,Lagos - Lekki,Ifeanyi Adebayo,Wholesale,P002,Infinix Hot 40,Phones,6,162000,15,Card
NM-00178,2025-02-05,Lagos,Lagos - Surulere,Dayo Suleiman,Retail,P025,Vegetable Oil 5L,Groceries,9,17500,0,POS
NM-00179,2025-02-05,Lagos,Lagos - Surulere,Kelechi Garba,Retail,P025,Vegetable Oil 5L,Groceries,6,17500,0,POS
NM-00180,2025-02-05,Ibadan,Ibadan - Bodija,Tunde Adebayo,Wholesale,P007,Phone Charger (Fast),Accessories,40,7500,15,Cash
NM-00181,2025-02-05,Lagos,Lagos - Lekki,Uche Uzor,Retail,P027,Milo 1kg Refill,Groceries,11,9200,0,Cash
NM-00182,2025-02-06,Lagos,Lagos - Ikeja,Tolu Eze,Online,P019,"Standing Fan 18""",Appliances,5,38500,0,POS
NM-00183,2025-02-06,Ibadan,Ibadan - Bodija,Bisi Olawale,Online,P023,Surge Protector,Power,5,12500,0,Transfer
NM-00184,2025-02-06,Abuja,Abuja - Wuse,Chidi Uzor,Retail,P017,Binatone Blender,Appliances,7,29500,5,POS
NM-00185,2025-02-06,Lagos,Lagos - Lekki,Uche Musa,Wholesale,P017,Binatone Blender,Appliances,96,29500,10,Transfer
NM-00186,2025-02-06,Lagos,Lagos - Lekki,Uche Musa,Retail,P027,Milo 1kg Refill,Groceries,4,9200,0,Transfer
NM-00187,2025-02-06,Ibadan,Ibadan - Bodija,Bisi Olawale,Retail,P025,Vegetable Oil 5L,Groceries,3,17500,0,POS
NM-00188,2025-02-07,Kano,Kano - Sabon Gari,Hauwa Danjuma,Retail,P033,Women's Ankara Dress,Fashion,2,31000,0,Transfer
NM-00189,2025-02-07,Abuja,Abuja - Garki,Zainab Eze,Retail,P013,"Hisense 55"" 4K TV",TV & Audio,3,499000,0,Cash
NM-00190,2025-02-07,Port Harcourt,Port Harcourt - GRA,Ibrahim Danjuma,Retail,P032,Men's Senator Wear,Fashion,2,35000,0,Transfer
NM-00191,2025-02-07,Abuja,Abuja - Wuse,Bola Musa,Retail,P017,Binatone Blender,Appliances,11,29500,0,Transfer
NM-00192,2025-02-08,Ibadan,Ibadan - Bodija,Tunde Adebayo,Retail,P029,Semovita 10kg,Groceries,5,11800,10,Cash
NM-00193,2025-02-08,Lagos,Lagos - Surulere,Adaeze Garba,Retail,P016,Thermocool Freezer 200L,Appliances,1,318000,15,Cash
NM-00194,2025-02-08,Lagos,Lagos - Lekki,Uche Musa,Retail,P002,Infinix Hot 40,Phones,3,162000,0,Transfer
NM-00195,2025-02-09,Port Harcourt,Port Harcourt - GRA,Nneka Olawale,Retail,P011,Wireless Mouse,Accessories,10,9500,5,Transfer
NM-00196,2025-02-09,Lagos,Lagos - Ikeja,Tolu Eze,Retail,P016,Thermocool Freezer 200L,Appliances,3,318000,0,Transfer
NM-00197,2025-02-10,Port Harcourt,Port Harcourt - GRA,Ibrahim Danjuma,Online,P020,Microwave Oven 20L,Appliances,3,86000,5,Transfer
NM-00198,2025-02-10,Lagos,Lagos - Ikeja,Ngozi Olawale,Retail,P017,Binatone Blender,Appliances,10,29500,10,POS
NM-00199,2025-02-10,Kano,Kano - Sabon Gari,Hauwa Danjuma,Wholesale,P015,Sound Bar 2.1,TV & Audio,54,95000,15,Transfer
NM-00200,2025-02-10,Port Harcourt,Port Harcourt - GRA,Nneka Olawale,Retail,P026,Indomie Carton (40),Groceries,7,13500,0,Transfer
NM-00201,2025-02-10,Lagos,Lagos - Ikeja,Ngozi Olawale,Retail,P028,Peak Milk Tin (24),Groceries,5,16500,0,Cash
NM-00202,2025-02-10,Abuja,Abuja - Wuse,Bola Musa,Online,P005,Oraimo Power Bank 20000mAh,Accessories,9,21000,5,Transfer
NM-00203,2025-02-10,Abuja,Abuja - Garki,Bola Okafor,Retail,P014,JBL Flip 6 Speaker,TV & Audio,2,129000,0,Card
NM-00204,2025-02-11,Lagos,Lagos - Ikeja,Ngozi Olawale,Online,P027,Milo 1kg Refill,Groceries,8,9200,0,Transfer
NM-00205,2025-02-11,Lagos,Lagos - Ikeja,Chioma Onyeka,Retail,P005,Oraimo Power Bank 20000mAh,Accessories,6,21000,5,POS
NM-00206,2025-02-11,Port Harcourt,Port Harcourt - GRA,Ibrahim Danjuma,Retail,P005,Oraimo Power Bank 20000mAh,Accessories,4,21000,0,Transfer
NM-00207,2025-02-11,Ibadan,Ibadan - Bodija,Tunde Adebayo,Retail,P011,Wireless Mouse,Accessories,1,9500,0,Transfer
NM-00208,2025-02-11,Lagos,Lagos - Ikeja,Tolu Eze,Wholesale,P037,Study Desk,Furniture,21,64000,10,Transfer
NM-00209,2025-02-11,Lagos,Lagos - Surulere,Dayo Suleiman,Online,P039,Printer Paper A4 (Box),Office,10,24500,0,Card
NM-00210,2025-02-11,Lagos,Lagos - Surulere,Kelechi Garba,Retail,P018,Scanfrost Gas Cooker,Appliances,2,229000,5,Cash
NM-00211,2025-02-12,Lagos,Lagos - Ikeja,Chioma Onyeka,Retail,P017,Binatone Blender,Appliances,11,29500,0,POS
NM-00212,2025-02-12,Abuja,Abuja - Garki,Femi Suleiman,Wholesale,P017,Binatone Blender,Appliances,18,29500,15,Card
NM-00213,2025-02-12,Abuja,Abuja - Garki,Femi Suleiman,Online,P024,Rice 50kg (Local),Groceries,11,78000,5,Transfer
NM-00214,2025-02-13,Port Harcourt,Port Harcourt - GRA,Nneka Olawale,Retail,P007,Phone Charger (Fast),Accessories,7,7500,10,Cash
NM-00215,2025-02-13,Lagos,Lagos - Ikeja,Ngozi Olawale,Online,P026,Indomie Carton (40),Groceries,1,13500,0,Transfer
NM-00216,2025-02-13,Lagos,Lagos - Ikeja,Ngozi Olawale,Retail,P025,Vegetable Oil 5L,Groceries,5,17500,5,Transfer
NM-00217,2025-02-13,Port Harcourt,Port Harcourt - GRA,Ibrahim Danjuma,Online,P031,Ankara Fabric (6 yards),Fashion,11,18500,0,Transfer
NM-00218,2025-02-13,Lagos,Lagos - Lekki,Uche Musa,Retail,P033,Women's Ankara Dress,Fashion,8,31000,5,POS
NM-00219,2025-02-13,Lagos,Lagos - Ikeja,Chioma Onyeka,Retail,P030,Sugar 1kg (x10),Groceries,10,15000,5,Cash
NM-00220,2025-02-13,Enugu,Enugu - Independence Layout,Zainab Obi,Wholesale,P028,Peak Milk Tin (24),Groceries,28,16500,15,Cash
NM-00221,2025-02-13,Abuja,Abuja - Wuse,Bola Musa,Retail,P034,Sneakers (Unisex),Fashion,12,26000,10,Cash
NM-00222,2025-02-14,Lagos,Lagos - Lekki,Uche Musa,Retail,P040,HP Ink Cartridge 305,Office,3,14500,0,Cash
NM-00223,2025-02-14,Lagos,Lagos - Lekki,Ifeanyi Adebayo,Retail,P001,Tecno Spark 20,Phones,2,145000,0,Card
NM-00224,2025-02-15,Lagos,Lagos - Surulere,Dayo Suleiman,Wholesale,P011,Wireless Mouse,Accessories,21,9500,15,Transfer
NM-00225,2025-02-15,Lagos,Lagos - Ikeja,Ngozi Olawale,Retail,P005,Oraimo Power Bank 20000mAh,Accessories,12,21000,0,POS
NM-00226,2025-02-15,Abuja,Abuja - Garki,Femi Suleiman,Retail,P001,Tecno Spark 20,Phones,3,145000,0,Card
NM-00227,2025-02-15,Abuja,Abuja - Wuse,Bola Musa,Retail,P027,Milo 1kg Refill,Groceries,1,9200,0,Card
NM-00228,2025-02-16,Abuja,Abuja - Wuse,Bola Musa,Online,P024,Rice 50kg (Local),Groceries,11,78000,0,Transfer
NM-00229,2025-02-17,Lagos,Lagos - Surulere,Dayo Suleiman,Retail,P032,Men's Senator Wear,Fashion,11,35000,0,Transfer
NM-00230,2025-02-17,Kano,Kano - Sabon Gari,Hauwa Danjuma,Wholesale,P006,Oraimo FreePods 4,Accessories,32,25500,10,Card
NM-00231,2025-02-18,Ibadan,Ibadan - Bodija,Tolu Bello,Retail,P003,Samsung Galaxy A15,Phones,2,205000,5,Transfer
NM-00232,2025-02-18,Lagos,Lagos - Ikeja,Tolu Eze,Retail,P008,HP 250 G9 Laptop,Computers,2,585000,5,Transfer
NM-00233,2025-02-18,Ibadan,Ibadan - Bodija,Bisi Olawale,Online,P001,Tecno Spark 20,Phones,1,145000,0,Transfer
NM-00234,2025-02-18,Abuja,Abuja - Garki,Zainab Eze,Retail,P022,Inverter Battery 200Ah,Power,2,355000,0,POS
NM-00235,2025-02-18,Port Harcourt,Port Harcourt - GRA,Nneka Olawale,Retail,P016,Thermocool Freezer 200L,Appliances,3,318000,0,Card
NM-00236,2025-02-18,Lagos,Lagos - Ikeja,Ngozi Olawale,Online,P026,Indomie Carton (40),Groceries,1,13500,0,Transfer
NM-00237,2025-02-18,Lagos,Lagos - Ikeja,Tolu Eze,Retail,P019,"Standing Fan 18""",Appliances,11,38500,0,Transfer
NM-00238,2025-02-18,Abuja,Abuja - Garki,Bola Okafor,Online,P039,Printer Paper A4 (Box),Office,12,24500,0,Cash
NM-00239,2025-02-18,Kano,Kano - Sabon Gari,Hauwa Danjuma,Retail,P026,Indomie Carton (40),Groceries,11,13500,5,Cash
NM-00240,2025-02-18,Lagos,Lagos - Surulere,Dayo Suleiman,Retail,P028,Peak Milk Tin (24),Groceries,8,16500,0,POS
NM-00241,2025-02-19,Ibadan,Ibadan - Bodija,Tolu Bello,Retail,P030,Sugar 1kg (x10),Groceries,12,15000,10,Transfer
NM-00242,2025-02-19,Abuja,Abuja - Wuse,Bola Musa,Retail,P026,Indomie Carton (40),Groceries,12,13500,0,POS
NM-00243,2025-02-19,Port Harcourt,Port Harcourt - GRA,Nneka Olawale,Online,P039,Printer Paper A4 (Box),Office,11,24500,5,POS
NM-00244,2025-02-19,Lagos,Lagos - Ikeja,Chioma Onyeka,Retail,P026,Indomie Carton (40),Groceries,2,13500,0,POS
NM-00245,2025-02-20,Port Harcourt,Port Harcourt - GRA,Nneka Olawale,Retail,P007,Phone Charger (Fast),Accessories,1,7500,0,Cash
NM-00246,2025-02-20,Ibadan,Ibadan - Bodija,Tolu Bello,Retail,P017,Binatone Blender,Appliances,12,29500,15,Transfer
NM-00247,2025-02-20,Lagos,Lagos - Lekki,Ifeanyi Adebayo,Online,P029,Semovita 10kg,Groceries,7,11800,0,Transfer
NM-00248,2025-02-20,Lagos,Lagos - Lekki,Uche Uzor,Retail,P001,Tecno Spark 20,Phones,2,145000,0,Transfer
NM-00249,2025-02-20,Enugu,Enugu - Independence Layout,Zainab Obi,Retail,P023,Surge Protector,Power,12,12500,0,Cash
NM-00250,2025-02-21,Port Harcourt,Port Harcourt - GRA,Segun Chukwu,Online,P007,Phone Charger (Fast),Accessories,12,7500,10,Transfer
NM-00251,2025-02-21,Port Harcourt,Port Harcourt - GRA,Nneka Olawale,Online,P025,Vegetable Oil 5L,Groceries,2,17500,0,Transfer
NM-00252,2025-02-21,Lagos,Lagos - Ikeja,Ngozi Olawale,Retail,P019,"Standing Fan 18""",Appliances,12,38500,0,POS
NM-00253,2025-02-21,Abuja,Abuja - Garki,Bola Okafor,Retail,P012,"LG 43"" Smart TV",TV & Audio,3,349000,5,Cash
NM-00254,2025-02-21,Abuja,Abuja - Garki,Bola Okafor,Retail,P025,Vegetable Oil 5L,Groceries,9,17500,5,Transfer
NM-00255,2025-02-21,Port Harcourt,Port Harcourt - GRA,Segun Chukwu,Online,P031,Ankara Fabric (6 yards),Fashion,6,18500,10,Transfer
NM-00256,2025-02-21,Ibadan,Ibadan - Bodija,Tunde Adebayo,Retail,P001,Tecno Spark 20,Phones,2,145000,0,Card
NM-00257,2025-02-22,Lagos,Lagos - Ikeja,Ngozi Olawale,Wholesale,P029,Semovita 10kg,Groceries,9,11800,10,Cash
NM-00258,2025-02-22,Abuja,Abuja - Wuse,Tunde Eze,Retail,P028,Peak Milk Tin (24),Groceries,12,16500,0,Card
NM-00259,2025-02-22,Port Harcourt,Port Harcourt - GRA,Segun Chukwu,Wholesale,P007,Phone Charger (Fast),Accessories,42,7500,15,Transfer
NM-00260,2025-02-22,Lagos,Lagos - Lekki,Uche Musa,Retail,P025,Vegetable Oil 5L,Groceries,12,17500,5,Cash
NM-00261,2025-02-22,Enugu,Enugu - Independence Layout,Dayo Abubakar,Retail,P016,Thermocool Freezer 200L,Appliances,3,318000,0,POS
NM-00262,2025-02-23,Abuja,Abuja - Garki,Zainab Eze,Retail,P034,Sneakers (Unisex),Fashion,7,26000,5,Card
NM-00263,2025-02-23,Abuja,Abuja - Garki,Bola Okafor,Retail,P005,Oraimo Power Bank 20000mAh,Accessories,9,21000,0,POS
NM-00264,2025-02-23,Lagos,Lagos - Surulere,Kelechi Garba,Online,P027,Milo 1kg Refill,Groceries,8,9200,0,Transfer
NM-00265,2025-02-24,Lagos,Lagos - Lekki,Uche Musa,Retail,P027,Milo 1kg Refill,Groceries,4,9200,5,Card
NM-00266,2025-02-24,Port Harcourt,Port Harcourt - GRA,Segun Chukwu,Retail,P005,Oraimo Power Bank 20000mAh,Accessories,3,21000,0,Transfer
NM-00267,2025-02-24,Abuja,Abuja - Wuse,Chidi Uzor,Retail,P032,Men's Senator Wear,Fashion,8,35000,0,Card
NM-00268,2025-02-24,Ibadan,Ibadan - Bodija,Tunde Adebayo,Retail,P032,Men's Senator Wear,Fashion,11,35000,0,Cash
NM-00269,2025-02-24,Enugu,Enugu - Independence Layout,Dayo Abubakar,Retail,P009,Lenovo IdeaPad 3,Computers,2,560000,0,Transfer
NM-00270,2025-02-24,Enugu,Enugu - Independence Layout,Dayo Abubakar,Wholesale,P034,Sneakers (Unisex),Fashion,32,26000,10,POS
NM-00271,2025-02-24,Lagos,Lagos - Surulere,Adaeze Garba,Online,P007,Phone Charger (Fast),Accessories,5,7500,5,Transfer
NM-00272,2025-02-24,Abuja,Abuja - Garki,Zainab Eze,Retail,P019,"Standing Fan 18""",Appliances,10,38500,0,Transfer
NM-00273,2025-02-25,Abuja,Abuja - Wuse,Bola Musa,Wholesale,P032,Men's Senator Wear,Fashion,56,35000,15,Cash
NM-00274,2025-02-25,Lagos,Lagos - Surulere,Adaeze Garba,Retail,P007,Phone Charger (Fast),Accessories,3,7500,0,POS
NM-00275,2025-02-25,Lagos,Lagos - Lekki,Uche Musa,Retail,P028,Peak Milk Tin (24),Groceries,3,16500,0,Cash
NM-00276,2025-02-25,Lagos,Lagos - Lekki,Uche Uzor,Wholesale,P007,Phone Charger (Fast),Accessories,70,7500,10,Cash
NM-00277,2025-02-25,Abuja,Abuja - Wuse,Bola Musa,Retail,P002,Infinix Hot 40,Phones,1,162000,0,Transfer
NM-00278,2025-02-25,Kano,Kano - Sabon Gari,Hauwa Danjuma,Retail,P002,Infinix Hot 40,Phones,1,162000,5,Card
NM-00279,2025-02-25,Abuja,Abuja - Garki,Zainab Eze,Retail,P007,Phone Charger (Fast),Accessories,12,7500,0,POS
NM-00280,2025-02-25,Lagos,Lagos - Lekki,Uche Uzor,Online,P033,Women's Ankara Dress,Fashion,11,31000,0,Transfer
NM-00281,2025-02-25,Ibadan,Ibadan - Bodija,Tolu Bello,Online,P034,Sneakers (Unisex),Fashion,5,26000,0,Transfer
NM-00282,2025-02-26,Kano,Kano - Sabon Gari,Maryam Chukwu,Retail,P034,Sneakers (Unisex),Fashion,11,26000,0,Transfer
NM-00283,2025-02-26,Abuja,Abuja - Wuse,Bola Musa,Wholesale,P006,Oraimo FreePods 4,Accessories,70,25500,15,Transfer
NM-00284,2025-02-26,Port Harcourt,Port Harcourt - GRA,Segun Chukwu,Retail,P011,Wireless Mouse,Accessories,8,9500,15,POS
NM-00285,2025-02-26,Lagos,Lagos - Surulere,Kelechi Garba,Retail,P004,iPhone 13 (Refurbished),Phones,1,640000,0,Transfer
NM-00286,2025-02-27,Lagos,Lagos - Surulere,Dayo Suleiman,Online,P002,Infinix Hot 40,Phones,1,162000,0,POS
NM-00287,2025-02-27,Kano,Kano - Sabon Gari,Bisi Onyeka,Online,P015,Sound Bar 2.1,TV & Audio,12,95000,10,Transfer
NM-00288,2025-02-27,Lagos,Lagos - Lekki,Uche Musa,Online,P029,Semovita 10kg,Groceries,10,11800,0,POS
NM-00289,2025-02-28,Kano,Kano - Sabon Gari,Maryam Chukwu,Retail,P020,Microwave Oven 20L,Appliances,2,86000,5,Transfer
NM-00290,2025-02-28,Lagos,Lagos - Ikeja,Chioma Onyeka,Retail,P005,Oraimo Power Bank 20000mAh,Accessories,3,21000,0,POS
NM-00291,2025-02-28,Kano,Kano - Sabon Gari,Bisi Onyeka,Retail,P031,Ankara Fabric (6 yards),Fashion,6,18500,15,POS
NM-00292,2025-02-28,Abuja,Abuja - Wuse,Tunde Eze,Retail,P027,Milo 1kg Refill,Groceries,6,9200,0,Cash
NM-00293,2025-02-28,Abuja,Abuja - Wuse,Bola Musa,Retail,P008,HP 250 G9 Laptop,Computers,1,585000,0,Card
NM-00294,2025-03-01,Enugu,Enugu - Independence Layout,Dayo Abubakar,Retail,P035,School Bag,Fashion,2,12500,0,Transfer
NM-00295,2025-03-01,Port Harcourt,Port Harcourt - GRA,Nneka Olawale,Retail,P027,Milo 1kg Refill,Groceries,1,9200,0,Card
NM-00296,2025-03-02,Lagos,Lagos - Lekki,Uche Uzor,Wholesale,P025,Vegetable Oil 5L,Groceries,8,17500,15,POS
NM-00297,2025-03-02,Abuja,Abuja - Wuse,Bola Musa,Retail,P003,Samsung Galaxy A15,Phones,1,205000,0,Cash
NM-00298,2025-03-02,Lagos,Lagos - Lekki,Ifeanyi Adebayo,Retail,P027,Milo 1kg Refill,Groceries,7,9200,0,Card
NM-00299,2025-03-03,Port Harcourt,Port Harcourt - GRA,Nneka Olawale,Wholesale,P026,Indomie Carton (40),Groceries,9,13500,10,Transfer
NM-00300,2025-03-03,Lagos,Lagos - Surulere,Kelechi Garba,Retail,P027,Milo 1kg Refill,Groceries,5,9200,0,Card
NM-00301,2025-03-03,Abuja,Abuja - Garki,Femi Suleiman,Retail,P029,Semovita 10kg,Groceries,6,11800,5,Card
NM-00302,2025-03-03,Lagos,Lagos - Ikeja,Chioma Onyeka,Online,P018,Scanfrost Gas Cooker,Appliances,1,229000,10,Transfer
NM-00303,2025-03-03,Lagos,Lagos - Lekki,Uche Uzor,Online,P026,Indomie Carton (40),Groceries,6,13500,0,Transfer
NM-00304,2025-03-03,Lagos,Lagos - Lekki,Ifeanyi Adebayo,Retail,P028,Peak Milk Tin (24),Groceries,9,16500,5,Card
NM-00305,2025-03-03,Enugu,Enugu - Independence Layout,Dayo Abubakar,Online,P031,Ankara Fabric (6 yards),Fashion,6,18500,0,Transfer
NM-00306,2025-03-03,Lagos,Lagos - Surulere,Dayo Suleiman,Wholesale,P027,Milo 1kg Refill,Groceries,8,9200,10,Card
NM-00307,2025-03-04,Abuja,Abuja - Wuse,Tunde Eze,Online,P011,Wireless Mouse,Accessories,4,9500,5,Transfer
NM-00308,2025-03-04,Ibadan,Ibadan - Bodija,Bisi Olawale,Retail,P030,Sugar 1kg (x10),Groceries,5,15000,0,POS
NM-00309,2025-03-04,Enugu,Enugu - Independence Layout,Dayo Abubakar,Retail,P012,"LG 43"" Smart TV",TV & Audio,2,349000,0,Transfer
NM-00310,2025-03-04,Lagos,Lagos - Surulere,Kelechi Garba,Retail,P025,Vegetable Oil 5L,Groceries,8,17500,0,Transfer
NM-00311,2025-03-04,Port Harcourt,Port Harcourt - GRA,Segun Chukwu,Wholesale,P001,Tecno Spark 20,Phones,3,145000,15,POS
NM-00312,2025-03-04,Ibadan,Ibadan - Bodija,Tunde Adebayo,Wholesale,P003,Samsung Galaxy A15,Phones,24,205000,10,Cash
NM-00313,2025-03-04,Port Harcourt,Port Harcourt - GRA,Ibrahim Danjuma,Retail,P003,Samsung Galaxy A15,Phones,2,205000,10,Cash
NM-00314,2025-03-04,Ibadan,Ibadan - Bodija,Tolu Bello,Online,P027,Milo 1kg Refill,Groceries,7,9200,0,Transfer
NM-00315,2025-03-04,Abuja,Abuja - Garki,Bola Okafor,Wholesale,P026,Indomie Carton (40),Groceries,40,13500,15,POS
NM-00316,2025-03-04,Port Harcourt,Port Harcourt - GRA,Segun Chukwu,Retail,P029,Semovita 10kg,Groceries,1,11800,0,Card
NM-00317,2025-03-05,Lagos,Lagos - Ikeja,Ngozi Olawale,Retail,P004,iPhone 13 (Refurbished),Phones,1,640000,5,Cash
NM-00318,2025-03-05,Lagos,Lagos - Lekki,Uche Uzor,Wholesale,P027,Milo 1kg Refill,Groceries,54,9200,10,Transfer
NM-00319,2025-03-05,Lagos,Lagos - Ikeja,Tolu Eze,Wholesale,P023,Surge Protector,Power,42,12500,10,Transfer
NM-00320,2025-03-05,Abuja,Abuja - Garki,Femi Suleiman,Retail,P002,Infinix Hot 40,Phones,1,162000,5,Cash
NM-00321,2025-03-06,Lagos,Lagos - Lekki,Ifeanyi Adebayo,Retail,P029,Semovita 10kg,Groceries,3,11800,5,Transfer
NM-00322,2025-03-06,Lagos,Lagos - Surulere,Kelechi Garba,Retail,P007,Phone Charger (Fast),Accessories,2,7500,5,POS
NM-00323,2025-03-06,Abuja,Abuja - Wuse,Tunde Eze,Retail,P029,Semovita 10kg,Groceries,3,11800,0,Transfer
NM-00324,2025-03-06,Lagos,Lagos - Ikeja,Ngozi Olawale,Retail,P040,HP Ink Cartridge 305,Office,3,14500,0,POS
NM-00325,2025-03-06,Enugu,Enugu - Independence Layout,Emeka Garba,Online,P027,Milo 1kg Refill,Groceries,5,9200,0,Transfer
NM-00326,2025-03-07,Port Harcourt,Port Harcourt - GRA,Ibrahim Danjuma,Wholesale,P020,Microwave Oven 20L,Appliances,55,86000,10,Transfer
NM-00327,2025-03-07,Ibadan,Ibadan - Bodija,Bisi Olawale,Wholesale,P031,Ankara Fabric (6 yards),Fashion,15,18500,15,Transfer
NM-00328,2025-03-07,Lagos,Lagos - Surulere,Dayo Suleiman,Retail,P009,Lenovo IdeaPad 3,Computers,2,560000,10,POS
NM-00329,2025-03-07,Abuja,Abuja - Wuse,Bola Musa,Retail,P001,Tecno Spark 20,Phones,2,145000,0,POS
NM-00330,2025-03-07,Lagos,Lagos - Ikeja,Ngozi Olawale,Retail,P001,Tecno Spark 20,Phones,3,145000,15,Transfer
NM-00331,2025-03-07,Ibadan,Ibadan - Bodija,Tunde Adebayo,Online,P018,Scanfrost Gas Cooker,Appliances,1,229000,15,Transfer
NM-00332,2025-03-07,Lagos,Lagos - Ikeja,Chioma Onyeka,Online,P014,JBL Flip 6 Speaker,TV & Audio,2,129000,0,Transfer
NM-00333,2025-03-07,Lagos,Lagos - Ikeja,Tolu Eze,Wholesale,P025,Vegetable Oil 5L,Groceries,24,17500,10,Transfer
NM-00334,2025-03-07,Enugu,Enugu - Independence Layout,Dayo Abubakar,Retail,P032,Men's Senator Wear,Fashion,7,35000,5,Cash
NM-00335,2025-03-07,Abuja,Abuja - Wuse,Bola Musa,Retail,P006,Oraimo FreePods 4,Accessories,6,25500,0,Card
NM-00336,2025-03-08,Kano,Kano - Sabon Gari,Bisi Onyeka,Retail,P026,Indomie Carton (40),Groceries,6,13500,5,Transfer
NM-00337,2025-03-08,Port Harcourt,Port Harcourt - GRA,Segun Chukwu,Retail,P030,Sugar 1kg (x10),Groceries,4,15000,0,Card
NM-00338,2025-03-09,Lagos,Lagos - Ikeja,Tolu Eze,Retail,P040,HP Ink Cartridge 305,Office,7,14500,0,POS
NM-00339,2025-03-09,Lagos,Lagos - Ikeja,Tolu Eze,Retail,P036,Office Chair,Furniture,4,79000,0,POS
NM-00340,2025-03-09,Lagos,Lagos - Lekki,Uche Musa,Retail,P006,Oraimo FreePods 4,Accessories,3,25500,0,Transfer
NM-00341,2025-03-09,Port Harcourt,Port Harcourt - GRA,Nneka Olawale,Retail,P018,Scanfrost Gas Cooker,Appliances,1,229000,10,Card
NM-00342,2025-03-09,Enugu,Enugu - Independence Layout,Zainab Obi,Online,P023,Surge Protector,Power,11,12500,0,Transfer
NM-00343,2025-03-09,Lagos,Lagos - Ikeja,Ngozi Olawale,Wholesale,P001,Tecno Spark 20,Phones,24,145000,15,Cash
NM-00344,2025-03-09,Ibadan,Ibadan - Bodija,Tolu Bello,Wholesale,P016,Thermocool Freezer 200L,Appliances,8,318000,10,Transfer
NM-00345,2025-03-09,Port Harcourt,Port Harcourt - GRA,Nneka Olawale,Retail,P021,Solar Generator 1kVA,Power,1,475000,5,Transfer
NM-00346,2025-03-10,Lagos,Lagos - Ikeja,Tolu Eze,Retail,P023,Surge Protector,Power,2,12500,5,Cash
NM-00347,2025-03-10,Enugu,Enugu - Independence Layout,Dayo Abubakar,Retail,P040,HP Ink Cartridge 305,Office,12,14500,10,Transfer
NM-00348,2025-03-10,Lagos,Lagos - Surulere,Kelechi Garba,Retail,P002,Infinix Hot 40,Phones,2,162000,10,Transfer
NM-00349,2025-03-10,Abuja,Abuja - Garki,Bola Okafor,Retail,P024,Rice 50kg (Local),Groceries,8,78000,0,Transfer
NM-00350,2025-03-10,Kano,Kano - Sabon Gari,Hauwa Danjuma,Retail,P007,Phone Charger (Fast),Accessories,9,7500,0,Cash
NM-00351,2025-03-10,Abuja,Abuja - Garki,Bola Okafor,Retail,P007,Phone Charger (Fast),Accessories,10,7500,0,Transfer
NM-00352,2025-03-10,Lagos,Lagos - Ikeja,Ngozi Olawale,Retail,P027,Milo 1kg Refill,Groceries,10,9200,0,Transfer
NM-00353,2025-03-10,Abuja,Abuja - Wuse,Chidi Uzor,Wholesale,P039,Printer Paper A4 (Box),Office,56,24500,15,Cash
NM-00354,2025-03-10,Port Harcourt,Port Harcourt - GRA,Nneka Olawale,Retail,P017,Binatone Blender,Appliances,3,29500,10,Cash
NM-00355,2025-03-10,Port Harcourt,Port Harcourt - GRA,Ibrahim Danjuma,Retail,P032,Men's Senator Wear,Fashion,7,35000,10,Transfer
NM-00356,2025-03-11,Lagos,Lagos - Ikeja,Tolu Eze,Wholesale,P007,Phone Charger (Fast),Accessories,21,7500,15,Transfer
NM-00357,2025-03-11,Lagos,Lagos - Lekki,Ifeanyi Adebayo,Retail,P030,Sugar 1kg (x10),Groceries,3,15000,5,POS
NM-00358,2025-03-12,Lagos,Lagos - Ikeja,Ngozi Olawale,Retail,P028,Peak Milk Tin (24),Groceries,6,16500,15,Cash
NM-00359,2025-03-12,Lagos,Lagos - Surulere,Dayo Suleiman,Online,P035,School Bag,Fashion,2,12500,10,Card
NM-00360,2025-03-12,Abuja,Abuja - Garki,Zainab Eze,Retail,P033,Women's Ankara Dress,Fashion,6,31000,0,Transfer
NM-00361,2025-03-12,Lagos,Lagos - Ikeja,Ngozi Olawale,Retail,P023,Surge Protector,Power,4,12500,0,POS
NM-00362,2025-03-12,Abuja,Abuja - Wuse,Bola Musa,Retail,P035,School Bag,Fashion,5,12500,5,Transfer
NM-00363,2025-03-12,Lagos,Lagos - Ikeja,Chioma Onyeka,Retail,P006,Oraimo FreePods 4,Accessories,7,25500,0,Cash
NM-00364,2025-03-13,Ibadan,Ibadan - Bodija,Bisi Olawale,Retail,P019,"Standing Fan 18""",Appliances,7,38500,10,Transfer
NM-00365,2025-03-13,Port Harcourt,Port Harcourt - GRA,Ibrahim Danjuma,Retail,P024,Rice 50kg (Local),Groceries,9,78000,5,Transfer
NM-00366,2025-03-13,Lagos,Lagos - Ikeja,Chioma Onyeka,Online,P028,Peak Milk Tin (24),Groceries,2,16500,0,Transfer
NM-00367,2025-03-13,Lagos,Lagos - Lekki,Ifeanyi Adebayo,Online,P033,Women's Ankara Dress,Fashion,9,31000,5,POS
NM-00368,2025-03-13,Lagos,Lagos - Lekki,Uche Musa,Online,P038,Mattress 6x6,Furniture,3,178000,10,Transfer
NM-00369,2025-03-13,Lagos,Lagos - Lekki,Uche Musa,Retail,P038,Mattress 6x6,Furniture,1,178000,5,POS
NM-00370,2025-03-14,Lagos,Lagos - Ikeja,Chioma Onyeka,Retail,P002,Infinix Hot 40,Phones,3,162000,5,POS
NM-00371,2025-03-14,Kano,Kano - Sabon Gari,Hauwa Danjuma,Retail,P023,Surge Protector,Power,2,12500,0,Transfer
NM-00372,2025-03-14,Enugu,Enugu - Independence Layout,Zainab Obi,Online,P035,School Bag,Fashion,9,12500,0,Transfer
NM-00373,2025-03-14,Kano,Kano - Sabon Gari,Maryam Chukwu,Retail,P023,Surge Protector,Power,2,12500,0,POS
NM-00374,2025-03-14,Kano,Kano - Sabon Gari,Bisi Onyeka,Retail,P007,Phone Charger (Fast),Accessories,1,7500,5,Transfer
NM-00375,2025-03-14,Abuja,Abuja - Wuse,Tunde Eze,Retail,P027,Milo 1kg Refill,Groceries,7,9200,0,Cash
NM-00376,2025-03-15,Lagos,Lagos - Surulere,Kelechi Garba,Retail,P002,Infinix Hot 40,Phones,3,162000,0,Transfer
NM-00377,2025-03-15,Port Harcourt,Port Harcourt - GRA,Ibrahim Danjuma,Retail,P005,Oraimo Power Bank 20000mAh,Accessories,6,21000,0,Transfer
NM-00378,2025-03-15,Ibadan,Ibadan - Bodija,Tolu Bello,Retail,P027,Milo 1kg Refill,Groceries,11,9200,5,Transfer
NM-00379,2025-03-15,Ibadan,Ibadan - Bodija,Tunde Adebayo,Retail,P040,HP Ink Cartridge 305,Office,1,14500,0,Cash
NM-00380,2025-03-15,Abuja,Abuja - Wuse,Tunde Eze,Retail,P001,Tecno Spark 20,Phones,2,145000,0,Transfer
NM-00381,2025-03-15,Lagos,Lagos - Lekki,Uche Musa,Retail,P034,Sneakers (Unisex),Fashion,5,26000,5,POS
NM-00382,2025-03-15,Lagos,Lagos - Ikeja,Chioma Onyeka,Online,P023,Surge Protector,Power,6,12500,10,Transfer
NM-00383,2025-03-17,Kano,Kano - Sabon Gari,Maryam Chukwu,Wholesale,P031,Ankara Fabric (6 yards),Fashion,21,18500,15,Card
NM-00384,2025-03-17,Enugu,Enugu - Independence Layout,Zainab Obi,Retail,P013,"Hisense 55"" 4K TV",TV & Audio,1,499000,0,Cash
NM-00385,2025-03-17,Lagos,Lagos - Ikeja,Tolu Eze,Retail,P028,Peak Milk Tin (24),Groceries,11,16500,5,Card
NM-00386,2025-03-17,Ibadan,Ibadan - Bodija,Tolu Bello,Wholesale,P035,School Bag,Fashion,66,12500,15,Cash
NM-00387,2025-03-17,Abuja,Abuja - Garki,Bola Okafor,Retail,P026,Indomie Carton (40),Groceries,3,13500,0,POS
NM-00388,2025-03-17,Lagos,Lagos - Surulere,Dayo Suleiman,Retail,P027,Milo 1kg Refill,Groceries,7,9200,0,Transfer
NM-00389,2025-03-17,Abuja,Abuja - Garki,Zainab Eze,Retail,P015,Sound Bar 2.1,TV & Audio,10,95000,0,POS
NM-00390,2025-03-17,Lagos,Lagos - Surulere,Kelechi Garba,Online,P027,Milo 1kg Refill,Groceries,1,9200,5,Transfer
NM-00391,2025-03-17,Lagos,Lagos - Ikeja,Chioma Onyeka,Retail,P017,Binatone Blender,Appliances,5,29500,10,Cash
NM-00392,2025-03-18,Port Harcourt,Port Harcourt - GRA,Nneka Olawale,Wholesale,P030,Sugar 1kg (x10),Groceries,24,15000,10,Transfer
NM-00393,2025-03-18,Lagos,Lagos - Lekki,Ifeanyi Adebayo,Retail,P026,Indomie Carton (40),Groceries,12,13500,5,Card
NM-00394,2025-03-18,Kano,Kano - Sabon Gari,Hauwa Danjuma,Retail,P029,Semovita 10kg,Groceries,7,11800,0,POS
NM-00395,2025-03-18,Lagos,Lagos - Lekki,Uche Uzor,Retail,P024,Rice 50kg (Local),Groceries,3,78000,10,POS
NM-00396,2025-03-18,Lagos,Lagos - Ikeja,Chioma Onyeka,Online,P028,Peak Milk Tin (24),Groceries,7,16500,15,Transfer
NM-00397,2025-03-18,Abuja,Abuja - Garki,Bola Okafor,Retail,P027,Milo 1kg Refill,Groceries,10,9200,15,Transfer
NM-00398,2025-03-18,Lagos,Lagos - Lekki,Uche Musa,Online,P006,Oraimo FreePods 4,Accessories,8,25500,5,Transfer
NM-00399,2025-03-18,Abuja,Abuja - Wuse,Tunde Eze,Online,P024,Rice 50kg (Local),Groceries,5,78000,0,Transfer
NM-00400,2025-03-18,Abuja,Abuja - Wuse,Chidi Uzor,Retail,P017,Binatone Blender,Appliances,9,29500,0,Cash
NM-00401,2025-03-18,Lagos,Lagos - Lekki,Uche Musa,Retail,P005,Oraimo Power Bank 20000mAh,Accessories,2,21000,15,Cash
NM-00402,2025-03-18,Kano,Kano - Sabon Gari,Hauwa Danjuma,Wholesale,P037,Study Desk,Furniture,18,64000,10,Card
NM-00403,2025-03-18,Lagos,Lagos - Lekki,Uche Uzor,Online,P023,Surge Protector,Power,8,12500,0,Transfer
NM-00404,2025-03-18,Lagos,Lagos - Surulere,Adaeze Garba,Retail,P030,Sugar 1kg (x10),Groceries,7,15000,0,Cash
NM-00405,2025-03-18,Lagos,Lagos - Lekki,Ifeanyi Adebayo,Retail,P031,Ankara Fabric (6 yards),Fashion,4,18500,0,POS
NM-00406,2025-03-18,Lagos,Lagos - Surulere,Kelechi Garba,Retail,P001,Tecno Spark 20,Phones,1,145000,15,Transfer
NM-00407,2025-03-18,Abuja,Abuja - Wuse,Tunde Eze,Retail,P004,iPhone 13 (Refurbished),Phones,3,640000,0,Transfer
NM-00408,2025-03-19,Ibadan,Ibadan - Bodija,Bisi Olawale,Wholesale,P027,Milo 1kg Refill,Groceries,96,9200,10,POS
NM-00409,2025-03-19,Lagos,Lagos - Ikeja,Ngozi Olawale,Retail,P007,Phone Charger (Fast),Accessories,1,7500,0,POS
NM-00410,2025-03-19,Port Harcourt,Port Harcourt - GRA,Segun Chukwu,Retail,P007,Phone Charger (Fast),Accessories,10,7500,0,Cash
NM-00411,2025-03-20,Abuja,Abuja - Garki,Zainab Eze,Retail,P035,School Bag,Fashion,3,12500,0,Cash
NM-00412,2025-03-20,Abuja,Abuja - Wuse,Bola Musa,Wholesale,P009,Lenovo IdeaPad 3,Computers,21,560000,15,Transfer
NM-00413,2025-03-20,Abuja,Abuja - Garki,Femi Suleiman,Online,P027,Milo 1kg Refill,Groceries,6,9200,0,Transfer
NM-00414,2025-03-20,Lagos,Lagos - Ikeja,Ngozi Olawale,Online,P039,Printer Paper A4 (Box),Office,3,24500,0,Transfer
NM-00415,2025-03-20,Ibadan,Ibadan - Bodija,Tunde Adebayo,Wholesale,P002,Infinix Hot 40,Phones,6,162000,15,POS
NM-00416,2025-03-20,Kano,Kano - Sabon Gari,Bisi Onyeka,Retail,P005,Oraimo Power Bank 20000mAh,Accessories,12,21000,5,POS
NM-00417,2025-03-20,Ibadan,Ibadan - Bodija,Bisi Olawale,Retail,P035,School Bag,Fashion,5,12500,5,POS
NM-00418,2025-03-21,Ibadan,Ibadan - Bodija,Bisi Olawale,Retail,P002,Infinix Hot 40,Phones,2,162000,15,Transfer
NM-00419,2025-03-21,Port Harcourt,Port Harcourt - GRA,Segun Chukwu,Online,P003,Samsung Galaxy A15,Phones,1,205000,0,Transfer
NM-00420,2025-03-21,Kano,Kano - Sabon Gari,Hauwa Danjuma,Retail,P020,Microwave Oven 20L,Appliances,10,86000,0,Cash
NM-00421,2025-03-21,Lagos,Lagos - Surulere,Kelechi Garba,Retail,P029,Semovita 10kg,Groceries,7,11800,5,POS
NM-00422,2025-03-22,Port Harcourt,Port Harcourt - GRA,Segun Chukwu,Wholesale,P024,Rice 50kg (Local),Groceries,72,78000,15,Transfer
NM-00423,2025-03-22,Kano,Kano - Sabon Gari,Maryam Chukwu,Retail,P019,"Standing Fan 18""",Appliances,2,38500,0,Transfer
NM-00424,2025-03-22,Abuja,Abuja - Wuse,Bola Musa,Wholesale,P011,Wireless Mouse,Accessories,8,9500,15,POS
NM-00425,2025-03-22,Enugu,Enugu - Independence Layout,Emeka Garba,Online,P006,Oraimo FreePods 4,Accessories,12,25500,10,Transfer
NM-00426,2025-03-22,Abuja,Abuja - Garki,Zainab Eze,Online,P035,School Bag,Fashion,9,12500,0,Cash
NM-00427,2025-03-23,Lagos,Lagos - Lekki,Ifeanyi Adebayo,Retail,P011,Wireless Mouse,Accessories,5,9500,0,Cash
NM-00428,2025-03-23,Lagos,Lagos - Lekki,Uche Musa,Retail,P006,Oraimo FreePods 4,Accessories,5,25500,0,POS
NM-00429,2025-03-23,Ibadan,Ibadan - Bodija,Tunde Adebayo,Wholesale,P035,School Bag,Fashion,27,12500,10,Cash
NM-00430,2025-03-23,Port Harcourt,Port Harcourt - GRA,Segun Chukwu,Retail,P007,Phone Charger (Fast),Accessories,2,7500,0,POS
NM-00431,2025-03-23,Lagos,Lagos - Lekki,Uche Uzor,Retail,P007,Phone Charger (Fast),Accessories,12,7500,10,POS
NM-00432,2025-03-24,Port Harcourt,Port Harcourt - GRA,Ibrahim Danjuma,Retail,P034,Sneakers (Unisex),Fashion,9,26000,0,POS
NM-00433,2025-03-24,Abuja,Abuja - Garki,Femi Suleiman,Retail,P001,Tecno Spark 20,Phones,2,145000,0,POS
NM-00434,2025-03-24,Lagos,Lagos - Lekki,Uche Musa,Online,P017,Binatone Blender,Appliances,6,29500,0,Transfer
NM-00435,2025-03-24,Enugu,Enugu - Independence Layout,Zainab Obi,Retail,P003,Samsung Galaxy A15,Phones,2,205000,0,POS
NM-00436,2025-03-24,Abuja,Abuja - Wuse,Chidi Uzor,Online,P032,Men's Senator Wear,Fashion,8,35000,0,Transfer
NM-00437,2025-03-24,Lagos,Lagos - Surulere,Kelechi Garba,Retail,P026,Indomie Carton (40),Groceries,10,13500,0,Transfer
NM-00438,2025-03-24,Port Harcourt,Port Harcourt - GRA,Ibrahim Danjuma,Online,P026,Indomie Carton (40),Groceries,4,13500,0,Transfer
NM-00439,2025-03-24,Abuja,Abuja - Garki,Femi Suleiman,Retail,P023,Surge Protector,Power,3,12500,0,Card
NM-00440,2025-03-24,Port Harcourt,Port Harcourt - GRA,Segun Chukwu,Retail,P026,Indomie Carton (40),Groceries,2,13500,5,Transfer
NM-00441,2025-03-25,Abuja,Abuja - Garki,Zainab Eze,Retail,P029,Semovita 10kg,Groceries,3,11800,0,POS
NM-00442,2025-03-25,Enugu,Enugu - Independence Layout,Emeka Garba,Retail,P040,HP Ink Cartridge 305,Office,3,14500,5,Card
NM-00443,2025-03-25,Lagos,Lagos - Surulere,Kelechi Garba,Retail,P029,Semovita 10kg,Groceries,12,11800,0,Cash
NM-00444,2025-03-25,Lagos,Lagos - Surulere,Kelechi Garba,Retail,P033,Women's Ankara Dress,Fashion,2,31000,10,Cash
NM-00445,2025-03-25,Kano,Kano - Sabon Gari,Bisi Onyeka,Retail,P020,Microwave Oven 20L,Appliances,1,86000,10,POS
NM-00446,2025-03-25,Lagos,Lagos - Lekki,Uche Musa,Retail,P014,JBL Flip 6 Speaker,TV & Audio,3,129000,5,POS
NM-00447,2025-03-25,Enugu,Enugu - Independence Layout,Emeka Garba,Retail,P024,Rice 50kg (Local),Groceries,1,78000,0,Card
NM-00448,2025-03-25,Abuja,Abuja - Wuse,Chidi Uzor,Online,P037,Study Desk,Furniture,1,64000,5,Transfer
NM-00449,2025-03-25,Abuja,Abuja - Garki,Femi Suleiman,Retail,P002,Infinix Hot 40,Phones,2,162000,5,POS
NM-00450,2025-03-25,Port Harcourt,Port Harcourt - GRA,Segun Chukwu,Online,P026,Indomie Carton (40),Groceries,2,13500,0,Transfer
NM-00451,2025-03-25,Kano,Kano - Sabon Gari,Maryam Chukwu,Online,P025,Vegetable Oil 5L,Groceries,6,17500,10,POS
NM-00452,2025-03-26,Abuja,Abuja - Wuse,Chidi Uzor,Wholesale,P027,Milo 1kg Refill,Groceries,32,9200,10,POS
NM-00453,2025-03-26,Kano,Kano - Sabon Gari,Hauwa Danjuma,Online,P007,Phone Charger (Fast),Accessories,2,7500,0,Transfer
NM-00454,2025-03-26,Port Harcourt,Port Harcourt - GRA,Ibrahim Danjuma,Wholesale,P020,Microwave Oven 20L,Appliances,5,86000,15,Cash
NM-00455,2025-03-26,Enugu,Enugu - Independence Layout,Dayo Abubakar,Retail,P040,HP Ink Cartridge 305,Office,2,14500,0,Cash
NM-00456,2025-03-26,Abuja,Abuja - Wuse,Tunde Eze,Retail,P007,Phone Charger (Fast),Accessories,8,7500,5,POS
NM-00457,2025-03-26,Kano,Kano - Sabon Gari,Hauwa Danjuma,Online,P011,Wireless Mouse,Accessories,4,9500,0,Cash
NM-00458,2025-03-26,Enugu,Enugu - Independence Layout,Emeka Garba,Retail,P017,Binatone Blender,Appliances,12,29500,0,Card
NM-00459,2025-03-26,Abuja,Abuja - Garki,Femi Suleiman,Retail,P034,Sneakers (Unisex),Fashion,9,26000,0,Cash
NM-00460,2025-03-26,Enugu,Enugu - Independence Layout,Dayo Abubakar,Wholesale,P010,Dell Inspiron 15,Computers,24,649000,15,POS
NM-00461,2025-03-26,Lagos,Lagos - Surulere,Kelechi Garba,Online,P026,Indomie Carton (40),Groceries,8,13500,5,POS
NM-00462,2025-03-26,Abuja,Abuja - Garki,Femi Suleiman,Retail,P006,Oraimo FreePods 4,Accessories,11,25500,0,POS
NM-00463,2025-03-27,Lagos,Lagos - Ikeja,Tolu Eze,Retail,P006,Oraimo FreePods 4,Accessories,2,25500,0,Cash
NM-00464,2025-03-27,Ibadan,Ibadan - Bodija,Tolu Bello,Retail,P039,Printer Paper A4 (Box),Office,12,24500,15,POS
NM-00465,2025-03-27,Kano,Kano - Sabon Gari,Maryam Chukwu,Online,P039,Printer Paper A4 (Box),Office,4,24500,0,Transfer
NM-00466,2025-03-27,Abuja,Abuja - Garki,Femi Suleiman,Retail,P002,Infinix Hot 40,Phones,3,162000,0,POS
NM-00467,2025-03-27,Lagos,Lagos - Surulere,Adaeze Garba,Online,P011,Wireless Mouse,Accessories,3,9500,0,Transfer
NM-00468,2025-03-27,Port Harcourt,Port Harcourt - GRA,Segun Chukwu,Online,P028,Peak Milk Tin (24),Groceries,12,16500,0,Transfer
NM-00469,2025-03-27,Lagos,Lagos - Surulere,Adaeze Garba,Online,P005,Oraimo Power Bank 20000mAh,Accessories,11,21000,5,Transfer
NM-00470,2025-03-27,Lagos,Lagos - Surulere,Dayo Suleiman,Wholesale,P012,"LG 43"" Smart TV",TV & Audio,8,349000,10,Transfer
NM-00471,2025-03-27,Abuja,Abuja - Garki,Bola Okafor,Retail,P006,Oraimo FreePods 4,Accessories,6,25500,15,POS
NM-00472,2025-03-28,Kano,Kano - Sabon Gari,Bisi Onyeka,Retail,P006,Oraimo FreePods 4,Accessories,4,25500,0,Transfer
NM-00473,2025-03-28,Enugu,Enugu - Independence Layout,Dayo Abubakar,Retail,P040,HP Ink Cartridge 305,Office,5,14500,10,Cash
NM-00474,2025-03-28,Abuja,Abuja - Garki,Femi Suleiman,Online,P028,Peak Milk Tin (24),Groceries,9,16500,0,Transfer
NM-00475,2025-03-28,Abuja,Abuja - Garki,Bola Okafor,Retail,P029,Semovita 10kg,Groceries,1,11800,0,POS
NM-00476,2025-03-28,Ibadan,Ibadan - Bodija,Tolu Bello,Online,P033,Women's Ankara Dress,Fashion,10,31000,0,Transfer
NM-00477,2025-03-28,Port Harcourt,Port Harcourt - GRA,Segun Chukwu,Retail,P025,Vegetable Oil 5L,Groceries,9,17500,10,POS
NM-00478,2025-03-29,Enugu,Enugu - Independence Layout,Dayo Abubakar,Retail,P020,Microwave Oven 20L,Appliances,2,86000,0,POS
NM-00479,2025-03-29,Lagos,Lagos - Surulere,Adaeze Garba,Retail,P007,Phone Charger (Fast),Accessories,9,7500,0,Transfer
NM-00480,2025-03-29,Port Harcourt,Port Harcourt - GRA,Ibrahim Danjuma,Retail,P023,Surge Protector,Power,4,12500,0,POS
NM-00481,2025-03-29,Abuja,Abuja - Garki,Bola Okafor,Retail,P032,Men's Senator Wear,Fashion,10,35000,10,Cash
NM-00482,2025-03-29,Lagos,Lagos - Lekki,Ifeanyi Adebayo,Online,P005,Oraimo Power Bank 20000mAh,Accessories,7,21000,0,Transfer
NM-00483,2025-03-29,Lagos,Lagos - Ikeja,Ngozi Olawale,Retail,P011,Wireless Mouse,Accessories,8,9500,0,Transfer
NM-00484,2025-03-30,Abuja,Abuja - Wuse,Bola Musa,Wholesale,P031,Ankara Fabric (6 yards),Fashion,18,18500,15,Transfer
NM-00485,2025-03-30,Lagos,Lagos - Lekki,Uche Musa,Retail,P013,"Hisense 55"" 4K TV",TV & Audio,1,499000,0,Transfer
NM-00486,2025-03-30,Lagos,Lagos - Lekki,Uche Musa,Retail,P037,Study Desk,Furniture,8,64000,0,Card
NM-00487,2025-03-30,Lagos,Lagos - Lekki,Uche Uzor,Retail,P029,Semovita 10kg,Groceries,9,11800,0,Cash
NM-00488,2025-03-31,Abuja,Abuja - Garki,Zainab Eze,Retail,P025,Vegetable Oil 5L,Groceries,1,17500,0,Transfer
NM-00489,2025-03-31,Abuja,Abuja - Wuse,Bola Musa,Retail,P009,Lenovo IdeaPad 3,Computers,3,560000,0,Cash
NM-00490,2025-03-31,Kano,Kano - Sabon Gari,Bisi Onyeka,Retail,P039,Printer Paper A4 (Box),Office,10,24500,5,POS
NM-00491,2025-03-31,Port Harcourt,Port Harcourt - GRA,Segun Chukwu,Wholesale,P024,Rice 50kg (Local),Groceries,16,78000,15,Cash
NM-00492,2025-03-31,Enugu,Enugu - Independence Layout,Dayo Abubakar,Online,P026,Indomie Carton (40),Groceries,6,13500,0,POS
NM-00493,2025-03-31,Abuja,Abuja - Wuse,Chidi Uzor,Wholesale,P026,Indomie Carton (40),Groceries,32,13500,10,Transfer
NM-00494,2025-03-31,Enugu,Enugu - Independence Layout,Emeka Garba,Retail,P002,Infinix Hot 40,Phones,3,162000,0,Cash
NM-00495,2025-03-31,Abuja,Abuja - Garki,Zainab Eze,Retail,P040,HP Ink Cartridge 305,Office,12,14500,5,POS
NM-00496,2025-03-31,Lagos,Lagos - Lekki,Ifeanyi Adebayo,Online,P017,Binatone Blender,Appliances,9,29500,0,Transfer
NM-00497,2025-04-01,Abuja,Abuja - Garki,Femi Suleiman,Retail,P035,School Bag,Fashion,7,12500,5,Transfer
NM-00498,2025-04-01,Lagos,Lagos - Lekki,Uche Uzor,Retail,P031,Ankara Fabric (6 yards),Fashion,1,18500,0,POS
NM-00499,2025-04-01,Kano,Kano - Sabon Gari,Maryam Chukwu,Online,P006,Oraimo FreePods 4,Accessories,4,25500,0,Transfer
NM-00500,2025-04-01,Abuja,Abuja - Wuse,Bola Musa,Wholesale,P031,Ankara Fabric (6 yards),Fashion,30,18500,10,Transfer
NM-00501,2025-04-01,Port Harcourt,Port Harcourt - GRA,Nneka Olawale,Retail,P017,Binatone Blender,Appliances,4,29500,10,Cash
NM-00502,2025-04-01,Ibadan,Ibadan - Bodija,Tunde Adebayo,Online,P025,Vegetable Oil 5L,Groceries,8,17500,5,Transfer
NM-00503,2025-04-01,Ibadan,Ibadan - Bodija,Bisi Olawale,Retail,P027,Milo 1kg Refill,Groceries,10,9200,10,Transfer
NM-00504,2025-04-01,Abuja,Abuja - Wuse,Chidi Uzor,Online,P023,Surge Protector,Power,7,12500,0,Transfer
NM-00505,2025-04-01,Abuja,Abuja - Garki,Femi Suleiman,Retail,P026,Indomie Carton (40),Groceries,11,13500,0,Cash
NM-00506,2025-04-02,Abuja,Abuja - Garki,Bola Okafor,Wholesale,P007,Phone Charger (Fast),Accessories,70,7500,10,Transfer
NM-00507,2025-04-02,Port Harcourt,Port Harcourt - GRA,Ibrahim Danjuma,Online,P025,Vegetable Oil 5L,Groceries,2,17500,10,Transfer
NM-00508,2025-04-02,Lagos,Lagos - Lekki,Uche Musa,Wholesale,P031,Ankara Fabric (6 yards),Fashion,24,18500,10,Cash
NM-00509,2025-04-02,Abuja,Abuja - Wuse,Chidi Uzor,Retail,P028,Peak Milk Tin (24),Groceries,8,16500,0,Cash
NM-00510,2025-04-02,Lagos,Lagos - Surulere,Kelechi Garba,Retail,P015,Sound Bar 2.1,TV & Audio,8,95000,0,Cash
NM-00511,2025-04-02,Kano,Kano - Sabon Gari,Hauwa Danjuma,Online,P031,Ankara Fabric (6 yards),Fashion,11,18500,5,Transfer
NM-00512,2025-04-03,Lagos,Lagos - Ikeja,Chioma Onyeka,Retail,P040,HP Ink Cartridge 305,Office,7,14500,0,Transfer
NM-00513,2025-04-03,Kano,Kano - Sabon Gari,Hauwa Danjuma,Retail,P025,Vegetable Oil 5L,Groceries,2,17500,15,POS
NM-00514,2025-04-03,Ibadan,Ibadan - Bodija,Tunde Adebayo,Online,P027,Milo 1kg Refill,Groceries,7,9200,5,POS
NM-00515,2025-04-03,Lagos,Lagos - Lekki,Uche Musa,Retail,P023,Surge Protector,Power,4,12500,0,Transfer
NM-00516,2025-04-03,Lagos,Lagos - Surulere,Dayo Suleiman,Retail,P024,Rice 50kg (Local),Groceries,7,78000,0,POS
NM-00517,2025-04-03,Lagos,Lagos - Surulere,Dayo Suleiman,Wholesale,P005,Oraimo Power Bank 20000mAh,Accessories,28,21000,10,Cash
NM-00518,2025-04-03,Lagos,Lagos - Lekki,Uche Musa,Wholesale,P040,HP Ink Cartridge 305,Office,96,14500,15,POS
NM-00519,2025-04-03,Ibadan,Ibadan - Bodija,Tunde Adebayo,Retail,P017,Binatone Blender,Appliances,6,29500,5,Transfer
NM-00520,2025-04-03,Lagos,Lagos - Ikeja,Ngozi Olawale,Retail,P001,Tecno Spark 20,Phones,2,145000,5,Transfer
NM-00521,2025-04-03,Enugu,Enugu - Independence Layout,Dayo Abubakar,Retail,P007,Phone Charger (Fast),Accessories,10,7500,5,POS
NM-00522,2025-04-03,Ibadan,Ibadan - Bodija,Tunde Adebayo,Online,P038,Mattress 6x6,Furniture,2,178000,5,Transfer
NM-00523,2025-04-03,Kano,Kano - Sabon Gari,Bisi Onyeka,Online,P007,Phone Charger (Fast),Accessories,4,7500,0,Transfer
NM-00524,2025-04-04,Lagos,Lagos - Surulere,Adaeze Garba,Online,P002,Infinix Hot 40,Phones,1,162000,0,Transfer
NM-00525,2025-04-04,Lagos,Lagos - Ikeja,Chioma Onyeka,Wholesale,P029,Semovita 10kg,Groceries,54,11800,10,Card
NM-00526,2025-04-04,Ibadan,Ibadan - Bodija,Bisi Olawale,Retail,P028,Peak Milk Tin (24),Groceries,5,16500,5,Transfer
NM-00527,2025-04-04,Lagos,Lagos - Lekki,Ifeanyi Adebayo,Retail,P007,Phone Charger (Fast),Accessories,1,7500,0,Card
NM-00528,2025-04-04,Enugu,Enugu - Independence Layout,Emeka Garba,Retail,P033,Women's Ankara Dress,Fashion,7,31000,0,Card
NM-00529,2025-04-04,Lagos,Lagos - Ikeja,Ngozi Olawale,Retail,P019,"Standing Fan 18""",Appliances,6,38500,0,Card
NM-00530,2025-04-04,Kano,Kano - Sabon Gari,Hauwa Danjuma,Retail,P028,Peak Milk Tin (24),Groceries,7,16500,0,Cash
NM-00531,2025-04-04,Kano,Kano - Sabon Gari,Hauwa Danjuma,Wholesale,P011,Wireless Mouse,Accessories,64,9500,15,Card
NM-00532,2025-04-04,Ibadan,Ibadan - Bodija,Bisi Olawale,Retail,P027,Milo 1kg Refill,Groceries,8,9200,0,Transfer
NM-00533,2025-04-04,Kano,Kano - Sabon Gari,Maryam Chukwu,Online,P029,Semovita 10kg,Groceries,10,11800,5,Transfer
NM-00534,2025-04-04,Enugu,Enugu - Independence Layout,Emeka Garba,Online,P026,Indomie Carton (40),Groceries,2,13500,0,POS
NM-00535,2025-04-04,Lagos,Lagos - Lekki,Ifeanyi Adebayo,Retail,P005,Oraimo Power Bank 20000mAh,Accessories,5,21000,5,Transfer
NM-00536,2025-04-05,Abuja,Abuja - Wuse,Tunde Eze,Online,P028,Peak Milk Tin (24),Groceries,9,16500,10,Transfer
NM-00537,2025-04-05,Ibadan,Ibadan - Bodija,Bisi Olawale,Online,P019,"Standing Fan 18""",Appliances,7,38500,0,POS
NM-00538,2025-04-05,Abuja,Abuja - Wuse,Tunde Eze,Retail,P028,Peak Milk Tin (24),Groceries,11,16500,5,Transfer
NM-00539,2025-04-05,Lagos,Lagos - Ikeja,Ngozi Olawale,Retail,P023,Surge Protector,Power,10,12500,0,Cash
NM-00540,2025-04-05,Lagos,Lagos - Lekki,Uche Musa,Retail,P021,Solar Generator 1kVA,Power,2,475000,10,POS
NM-00541,2025-04-05,Lagos,Lagos - Surulere,Dayo Suleiman,Retail,P011,Wireless Mouse,Accessories,2,9500,0,POS
NM-00542,2025-04-05,Lagos,Lagos - Lekki,Uche Musa,Retail,P023,Surge Protector,Power,5,12500,0,Transfer
NM-00543,2025-04-05,Enugu,Enugu - Independence Layout,Dayo Abubakar,Retail,P025,Vegetable Oil 5L,Groceries,5,17500,0,Transfer
NM-00544,2025-04-05,Lagos,Lagos - Surulere,Dayo Suleiman,Online,P032,Men's Senator Wear,Fashion,7,35000,10,Transfer
NM-00545,2025-04-05,Enugu,Enugu - Independence Layout,Dayo Abubakar,Online,P006,Oraimo FreePods 4,Accessories,2,25500,0,Transfer
NM-00546,2025-04-05,Ibadan,Ibadan - Bodija,Tolu Bello,Online,P029,Semovita 10kg,Groceries,7,11800,0,Transfer
NM-00547,2025-04-06,Abuja,Abuja - Garki,Bola Okafor,Online,P039,Printer Paper A4 (Box),Office,9,24500,0,Transfer
NM-00548,2025-04-06,Lagos,Lagos - Surulere,Dayo Suleiman,Online,P019,"Standing Fan 18""",Appliances,4,38500,10,Cash
NM-00549,2025-04-06,Lagos,Lagos - Lekki,Uche Uzor,Wholesale,P011,Wireless Mouse,Accessories,30,9500,10,Transfer
NM-00550,2025-04-06,Abuja,Abuja - Garki,Bola Okafor,Retail,P021,Solar Generator 1kVA,Power,3,475000,5,Transfer
NM-00551,2025-04-07,Port Harcourt,Port Harcourt - GRA,Nneka Olawale,Online,P016,Thermocool Freezer 200L,Appliances,1,318000,0,POS
NM-00552,2025-04-07,Enugu,Enugu - Independence Layout,Zainab Obi,Online,P003,Samsung Galaxy A15,Phones,1,205000,0,Transfer
NM-00553,2025-04-07,Abuja,Abuja - Garki,Zainab Eze,Online,P031,Ankara Fabric (6 yards),Fashion,3,18500,0,Transfer
NM-00554,2025-04-07,Lagos,Lagos - Ikeja,Tolu Eze,Retail,P039,Printer Paper A4 (Box),Office,9,24500,0,POS
NM-00555,2025-04-07,Kano,Kano - Sabon Gari,Bisi Onyeka,Online,P034,Sneakers (Unisex),Fashion,12,26000,5,Card
NM-00556,2025-04-07,Port Harcourt,Port Harcourt - GRA,Segun Chukwu,Wholesale,P031,Ankara Fabric (6 yards),Fashion,84,18500,15,POS
NM-00557,2025-04-07,Kano,Kano - Sabon Gari,Hauwa Danjuma,Retail,P023,Surge Protector,Power,10,12500,5,POS
NM-00558,2025-04-07,Port Harcourt,Port Harcourt - GRA,Segun Chukwu,Retail,P007,Phone Charger (Fast),Accessories,11,7500,0,POS
NM-00559,2025-04-07,Lagos,Lagos - Lekki,Uche Musa,Retail,P040,HP Ink Cartridge 305,Office,2,14500,0,Transfer
NM-00560,2025-04-07,Lagos,Lagos - Surulere,Adaeze Garba,Online,P038,Mattress 6x6,Furniture,1,178000,0,Transfer
NM-00561,2025-04-07,Lagos,Lagos - Ikeja,Ngozi Olawale,Wholesale,P005,Oraimo Power Bank 20000mAh,Accessories,60,21000,15,Card
NM-00562,2025-04-07,Port Harcourt,Port Harcourt - GRA,Nneka Olawale,Retail,P033,Women's Ankara Dress,Fashion,4,31000,10,Cash
NM-00563,2025-04-08,Lagos,Lagos - Ikeja,Tolu Eze,Online,P018,Scanfrost Gas Cooker,Appliances,3,229000,0,Transfer
NM-00564,2025-04-08,Lagos,Lagos - Lekki,Ifeanyi Adebayo,Retail,P007,Phone Charger (Fast),Accessories,11,7500,15,Cash
NM-00565,2025-04-08,Lagos,Lagos - Lekki,Uche Musa,Online,P025,Vegetable Oil 5L,Groceries,1,17500,5,Transfer
NM-00566,2025-04-08,Port Harcourt,Port Harcourt - GRA,Nneka Olawale,Retail,P024,Rice 50kg (Local),Groceries,9,78000,0,POS
NM-00567,2025-04-08,Abuja,Abuja - Wuse,Bola Musa,Wholesale,P034,Sneakers (Unisex),Fashion,70,26000,10,POS
NM-00568,2025-04-08,Lagos,Lagos - Lekki,Ifeanyi Adebayo,Retail,P009,Lenovo IdeaPad 3,Computers,1,560000,10,Cash
NM-00569,2025-04-09,Ibadan,Ibadan - Bodija,Tunde Adebayo,Retail,P017,Binatone Blender,Appliances,9,29500,0,Transfer
NM-00570,2025-04-09,Ibadan,Ibadan - Bodija,Tunde Adebayo,Retail,P029,Semovita 10kg,Groceries,3,11800,10,Cash
NM-00571,2025-04-09,Lagos,Lagos - Surulere,Adaeze Garba,Online,P011,Wireless Mouse,Accessories,12,9500,0,Transfer
NM-00572,2025-04-09,Lagos,Lagos - Lekki,Uche Musa,Online,P026,Indomie Carton (40),Groceries,1,13500,0,Transfer
NM-00573,2025-04-09,Lagos,Lagos - Surulere,Kelechi Garba,Online,P023,Surge Protector,Power,11,12500,5,Transfer
NM-00574,2025-04-09,Port Harcourt,Port Harcourt - GRA,Nneka Olawale,Retail,P007,Phone Charger (Fast),Accessories,1,7500,10,Transfer
NM-00575,2025-04-09,Enugu,Enugu - Independence Layout,Dayo Abubakar,Online,P036,Office Chair,Furniture,1,79000,15,Transfer
NM-00576,2025-04-09,Ibadan,Ibadan - Bodija,Tunde Adebayo,Retail,P021,Solar Generator 1kVA,Power,2,475000,5,Cash
NM-00577,2025-04-10,Kano,Kano - Sabon Gari,Bisi Onyeka,Online,P006,Oraimo FreePods 4,Accessories,7,25500,0,Transfer
NM-00578,2025-04-10,Abuja,Abuja - Garki,Zainab Eze,Retail,P039,Printer Paper A4 (Box),Office,1,24500,0,Cash
NM-00579,2025-04-10,Abuja,Abuja - Garki,Femi Suleiman,Online,P025,Vegetable Oil 5L,Groceries,11,17500,0,Card
NM-00580,2025-04-10,Lagos,Lagos - Lekki,Uche Musa,Retail,P023,Surge Protector,Power,12,12500,10,Cash
NM-00581,2025-04-10,Lagos,Lagos - Lekki,Uche Uzor,Retail,P007,Phone Charger (Fast),Accessories,8,7500,0,POS
NM-00582,2025-04-10,Lagos,Lagos - Lekki,Uche Uzor,Retail,P025,Vegetable Oil 5L,Groceries,11,17500,5,Transfer
NM-00583,2025-04-10,Abuja,Abuja - Wuse,Chidi Uzor,Retail,P033,Women's Ankara Dress,Fashion,3,31000,5,Transfer
NM-00584,2025-04-10,Lagos,Lagos - Surulere,Dayo Suleiman,Online,P003,Samsung Galaxy A15,Phones,3,205000,0,Transfer
NM-00585,2025-04-10,Abuja,Abuja - Garki,Femi Suleiman,Online,P020,Microwave Oven 20L,Appliances,12,86000,5,Transfer
NM-00586,2025-04-10,Abuja,Abuja - Wuse,Tunde Eze,Retail,P027,Milo 1kg Refill,Groceries,12,9200,10,Cash
NM-00587,2025-04-10,Port Harcourt,Port Harcourt - GRA,Nneka Olawale,Retail,P031,Ankara Fabric (6 yards),Fashion,9,18500,0,Transfer
NM-00588,2025-04-10,Abuja,Abuja - Wuse,Chidi Uzor,Retail,P024,Rice 50kg (Local),Groceries,11,78000,0,POS
NM-00589,2025-04-11,Lagos,Lagos - Ikeja,Ngozi Olawale,Retail,P030,Sugar 1kg (x10),Groceries,9,15000,0,Cash
NM-00590,2025-04-11,Lagos,Lagos - Ikeja,Ngozi Olawale,Wholesale,P039,Printer Paper A4 (Box),Office,16,24500,15,Transfer
NM-00591,2025-04-11,Lagos,Lagos - Lekki,Ifeanyi Adebayo,Retail,P025,Vegetable Oil 5L,Groceries,12,17500,0,Transfer
NM-00592,2025-04-11,Abuja,Abuja - Wuse,Chidi Uzor,Retail,P006,Oraimo FreePods 4,Accessories,1,25500,5,Transfer
NM-00593,2025-04-11,Lagos,Lagos - Lekki,Uche Musa,Retail,P024,Rice 50kg (Local),Groceries,2,78000,15,POS
NM-00594,2025-04-11,Lagos,Lagos - Surulere,Adaeze Garba,Online,P023,Surge Protector,Power,11,12500,0,Transfer
NM-00595,2025-04-11,Abuja,Abuja - Garki,Bola Okafor,Retail,P023,Surge Protector,Power,11,12500,0,Cash
NM-00596,2025-04-11,Abuja,Abuja - Garki,Bola Okafor,Retail,P001,Tecno Spark 20,Phones,3,145000,0,POS
NM-00597,2025-04-11,Enugu,Enugu - Independence Layout,Dayo Abubakar,Retail,P002,Infinix Hot 40,Phones,1,162000,10,Transfer
NM-00598,2025-04-12,Abuja,Abuja - Wuse,Tunde Eze,Retail,P033,Women's Ankara Dress,Fashion,4,31000,5,Transfer
NM-00599,2025-04-12,Kano,Kano - Sabon Gari,Bisi Onyeka,Online,P027,Milo 1kg Refill,Groceries,5,9200,0,Card
NM-00600,2025-04-12,Lagos,Lagos - Ikeja,Ngozi Olawale,Retail,P027,Milo 1kg Refill,Groceries,6,9200,0,Card
NM-00601,2025-04-12,Ibadan,Ibadan - Bodija,Bisi Olawale,Wholesale,P034,Sneakers (Unisex),Fashion,36,26000,15,Transfer
NM-00602,2025-04-12,Lagos,Lagos - Surulere,Kelechi Garba,Wholesale,P040,HP Ink Cartridge 305,Office,27,14500,10,Transfer
NM-00603,2025-04-13,Port Harcourt,Port Harcourt - GRA,Nneka Olawale,Retail,P024,Rice 50kg (Local),Groceries,4,78000,0,POS
NM-00604,2025-04-13,Abuja,Abuja - Wuse,Tunde Eze,Wholesale,P002,Infinix Hot 40,Phones,5,162000,10,POS
NM-00605,2025-04-13,Abuja,Abuja - Garki,Femi Suleiman,Retail,P025,Vegetable Oil 5L,Groceries,3,17500,5,POS
NM-00606,2025-04-13,Ibadan,Ibadan - Bodija,Tolu Bello,Retail,P040,HP Ink Cartridge 305,Office,1,14500,0,POS
NM-00607,2025-04-13,Lagos,Lagos - Lekki,Ifeanyi Adebayo,Retail,P003,Samsung Galaxy A15,Phones,1,205000,0,Cash
NM-00608,2025-04-14,Kano,Kano - Sabon Gari,Hauwa Danjuma,Wholesale,P015,Sound Bar 2.1,TV & Audio,64,95000,10,Transfer
NM-00609,2025-04-14,Lagos,Lagos - Lekki,Uche Uzor,Wholesale,P034,Sneakers (Unisex),Fashion,32,26000,15,Transfer
NM-00610,2025-04-14,Lagos,Lagos - Lekki,Ifeanyi Adebayo,Online,P026,Indomie Carton (40),Groceries,6,13500,5,Transfer
NM-00611,2025-04-14,Kano,Kano - Sabon Gari,Maryam Chukwu,Online,P025,Vegetable Oil 5L,Groceries,5,17500,0,Cash
NM-00612,2025-04-15,Enugu,Enugu - Independence Layout,Zainab Obi,Retail,P029,Semovita 10kg,Groceries,2,11800,0,POS
NM-00613,2025-04-15,Port Harcourt,Port Harcourt - GRA,Segun Chukwu,Online,P026,Indomie Carton (40),Groceries,7,13500,10,Transfer
NM-00614,2025-04-15,Lagos,Lagos - Ikeja,Tolu Eze,Online,P006,Oraimo FreePods 4,Accessories,3,25500,10,Cash
NM-00615,2025-04-15,Ibadan,Ibadan - Bodija,Bisi Olawale,Online,P035,School Bag,Fashion,4,12500,0,Transfer
NM-00616,2025-04-15,Lagos,Lagos - Ikeja,Chioma Onyeka,Retail,P039,Printer Paper A4 (Box),Office,12,24500,0,POS
NM-00617,2025-04-15,Lagos,Lagos - Ikeja,Tolu Eze,Retail,P024,Rice 50kg (Local),Groceries,12,78000,0,Transfer
NM-00618,2025-04-15,Port Harcourt,Port Harcourt - GRA,Ibrahim Danjuma,Retail,P025,Vegetable Oil 5L,Groceries,4,17500,10,Cash
NM-00619,2025-04-16,Port Harcourt,Port Harcourt - GRA,Segun Chukwu,Retail,P035,School Bag,Fashion,4,12500,0,POS
NM-00620,2025-04-16,Lagos,Lagos - Surulere,Adaeze Garba,Wholesale,P016,Thermocool Freezer 200L,Appliances,12,318000,15,Transfer
NM-00621,2025-04-16,Port Harcourt,Port Harcourt - GRA,Ibrahim Danjuma,Retail,P001,Tecno Spark 20,Phones,2,145000,0,POS
NM-00622,2025-04-16,Lagos,Lagos - Ikeja,Tolu Eze,Retail,P025,Vegetable Oil 5L,Groceries,6,17500,5,POS
NM-00623,2025-04-16,Lagos,Lagos - Lekki,Ifeanyi Adebayo,Retail,P017,Binatone Blender,Appliances,9,29500,5,Card
NM-00624,2025-04-16,Lagos,Lagos - Surulere,Kelechi Garba,Retail,P010,Dell Inspiron 15,Computers,2,649000,5,Transfer
NM-00625,2025-04-16,Enugu,Enugu - Independence Layout,Dayo Abubakar,Retail,P011,Wireless Mouse,Accessories,1,9500,0,POS
NM-00626,2025-04-16,Lagos,Lagos - Ikeja,Tolu Eze,Online,P023,Surge Protector,Power,12,12500,15,Transfer
NM-00627,2025-04-16,Lagos,Lagos - Ikeja,Tolu Eze,Retail,P005,Oraimo Power Bank 20000mAh,Accessories,4,21000,5,Transfer
NM-00628,2025-04-17,Lagos,Lagos - Surulere,Dayo Suleiman,Retail,P040,HP Ink Cartridge 305,Office,6,14500,0,POS
NM-00629,2025-04-17,Lagos,Lagos - Lekki,Uche Uzor,Retail,P029,Semovita 10kg,Groceries,10,11800,0,POS
NM-00630,2025-04-17,Abuja,Abuja - Wuse,Chidi Uzor,Retail,P028,Peak Milk Tin (24),Groceries,2,16500,5,POS
NM-00631,2025-04-17,Lagos,Lagos - Ikeja,Tolu Eze,Online,P028,Peak Milk Tin (24),Groceries,11,16500,10,Transfer
NM-00632,2025-04-17,Lagos,Lagos - Surulere,Kelechi Garba,Retail,P031,Ankara Fabric (6 yards),Fashion,2,18500,5,POS
NM-00633,2025-04-17,Abuja,Abuja - Wuse,Tunde Eze,Online,P026,Indomie Carton (40),Groceries,1,13500,0,Transfer
NM-00634,2025-04-17,Lagos,Lagos - Ikeja,Ngozi Olawale,Retail,P016,Thermocool Freezer 200L,Appliances,3,318000,0,POS
NM-00635,2025-04-17,Port Harcourt,Port Harcourt - GRA,Nneka Olawale,Retail,P027,Milo 1kg Refill,Groceries,12,9200,5,POS
NM-00636,2025-04-18,Lagos,Lagos - Ikeja,Tolu Eze,Online,P030,Sugar 1kg (x10),Groceries,6,15000,10,Transfer
NM-00637,2025-04-18,Kano,Kano - Sabon Gari,Maryam Chukwu,Wholesale,P018,Scanfrost Gas Cooker,Appliances,10,229000,15,POS
NM-00638,2025-04-18,Lagos,Lagos - Ikeja,Chioma Onyeka,Retail,P034,Sneakers (Unisex),Fashion,12,26000,0,Transfer
NM-00639,2025-04-18,Lagos,Lagos - Lekki,Uche Uzor,Retail,P030,Sugar 1kg (x10),Groceries,1,15000,0,Cash
NM-00640,2025-04-19,Abuja,Abuja - Wuse,Chidi Uzor,Online,P025,Vegetable Oil 5L,Groceries,7,17500,0,POS
NM-00641,2025-04-19,Kano,Kano - Sabon Gari,Bisi Onyeka,Retail,P014,JBL Flip 6 Speaker,TV & Audio,1,129000,5,Cash
NM-00642,2025-04-19,Abuja,Abuja - Wuse,Tunde Eze,Wholesale,P002,Infinix Hot 40,Phones,14,162000,10,Cash
NM-00643,2025-04-19,Lagos,Lagos - Lekki,Uche Uzor,Retail,P030,Sugar 1kg (x10),Groceries,3,15000,0,Transfer
NM-00644,2025-04-19,Kano,Kano - Sabon Gari,Bisi Onyeka,Retail,P034,Sneakers (Unisex),Fashion,12,26000,5,Transfer
NM-00645,2025-04-19,Lagos,Lagos - Ikeja,Tolu Eze,Retail,P024,Rice 50kg (Local),Groceries,7,78000,0,Cash
NM-00646,2025-04-19,Abuja,Abuja - Wuse,Tunde Eze,Retail,P026,Indomie Carton (40),Groceries,1,13500,5,POS
NM-00647,2025-04-20,Abuja,Abuja - Garki,Femi Suleiman,Retail,P011,Wireless Mouse,Accessories,3,9500,0,Cash
NM-00648,2025-04-20,Port Harcourt,Port Harcourt - GRA,Nneka Olawale,Retail,P017,Binatone Blender,Appliances,9,29500,0,Transfer
NM-00649,2025-04-20,Lagos,Lagos - Surulere,Dayo Suleiman,Online,P031,Ankara Fabric (6 yards),Fashion,11,18500,0,Transfer
NM-00650,2025-04-20,Port Harcourt,Port Harcourt - GRA,Ibrahim Danjuma,Retail,P023,Surge Protector,Power,11,12500,0,Transfer
NM-00651,2025-04-20,Kano,Kano - Sabon Gari,Bisi Onyeka,Online,P019,"Standing Fan 18""",Appliances,5,38500,0,Card
NM-00652,2025-04-20,Lagos,Lagos - Lekki,Ifeanyi Adebayo,Retail,P007,Phone Charger (Fast),Accessories,4,7500,0,POS
NM-00653,2025-04-21,Lagos,Lagos - Surulere,Kelechi Garba,Online,P011,Wireless Mouse,Accessories,1,9500,0,POS
NM-00654,2025-04-21,Enugu,Enugu - Independence Layout,Dayo Abubakar,Retail,P027,Milo 1kg Refill,Groceries,6,9200,0,Cash
NM-00655,2025-04-21,Kano,Kano - Sabon Gari,Maryam Chukwu,Online,P002,Infinix Hot 40,Phones,1,162000,10,Card
NM-00656,2025-04-21,Lagos,Lagos - Surulere,Kelechi Garba,Wholesale,P034,Sneakers (Unisex),Fashion,72,26000,10,Cash
NM-00657,2025-04-21,Enugu,Enugu - Independence Layout,Dayo Abubakar,Online,P001,Tecno Spark 20,Phones,2,145000,0,Transfer
NM-00658,2025-04-21,Lagos,Lagos - Ikeja,Tolu Eze,Retail,P007,Phone Charger (Fast),Accessories,10,7500,0,POS
NM-00659,2025-04-21,Lagos,Lagos - Surulere,Kelechi Garba,Wholesale,P017,Binatone Blender,Appliances,36,29500,15,POS
NM-00660,2025-04-22,Lagos,Lagos - Ikeja,Ngozi Olawale,Wholesale,P007,Phone Charger (Fast),Accessories,20,7500,15,Transfer
NM-00661,2025-04-22,Abuja,Abuja - Wuse,Tunde Eze,Retail,P027,Milo 1kg Refill,Groceries,9,9200,0,Transfer
NM-00662,2025-04-22,Lagos,Lagos - Lekki,Uche Musa,Online,P024,Rice 50kg (Local),Groceries,1,78000,0,Transfer
NM-00663,2025-04-22,Enugu,Enugu - Independence Layout,Dayo Abubakar,Retail,P030,Sugar 1kg (x10),Groceries,11,15000,10,Cash
NM-00664,2025-04-22,Abuja,Abuja - Wuse,Chidi Uzor,Retail,P002,Infinix Hot 40,Phones,3,162000,0,Cash
NM-00665,2025-04-23,Lagos,Lagos - Lekki,Ifeanyi Adebayo,Retail,P007,Phone Charger (Fast),Accessories,8,7500,10,Transfer
NM-00666,2025-04-23,Port Harcourt,Port Harcourt - GRA,Ibrahim Danjuma,Retail,P024,Rice 50kg (Local),Groceries,3,78000,10,Transfer
NM-00667,2025-04-23,Abuja,Abuja - Wuse,Bola Musa,Retail,P027,Milo 1kg Refill,Groceries,5,9200,0,POS
NM-00668,2025-04-23,Lagos,Lagos - Lekki,Uche Musa,Retail,P039,Printer Paper A4 (Box),Office,6,24500,0,Transfer
NM-00669,2025-04-23,Lagos,Lagos - Lekki,Uche Uzor,Retail,P024,Rice 50kg (Local),Groceries,4,78000,0,Transfer
NM-00670,2025-04-23,Lagos,Lagos - Ikeja,Chioma Onyeka,Online,P025,Vegetable Oil 5L,Groceries,6,17500,10,Transfer
NM-00671,2025-04-23,Lagos,Lagos - Lekki,Ifeanyi Adebayo,Retail,P032,Men's Senator Wear,Fashion,10,35000,0,Cash
NM-00672,2025-04-23,Ibadan,Ibadan - Bodija,Tolu Bello,Retail,P029,Semovita 10kg,Groceries,8,11800,0,Transfer
NM-00673,2025-04-23,Enugu,Enugu - Independence Layout,Dayo Abubakar,Retail,P002,Infinix Hot 40,Phones,3,162000,0,POS
NM-00674,2025-04-23,Abuja,Abuja - Garki,Bola Okafor,Online,P015,Sound Bar 2.1,TV & Audio,3,95000,10,Transfer
NM-00675,2025-04-24,Abuja,Abuja - Garki,Bola Okafor,Retail,P031,Ankara Fabric (6 yards),Fashion,12,18500,0,POS
NM-00676,2025-04-24,Port Harcourt,Port Harcourt - GRA,Segun Chukwu,Online,P030,Sugar 1kg (x10),Groceries,6,15000,5,Transfer
NM-00677,2025-04-24,Abuja,Abuja - Garki,Femi Suleiman,Retail,P031,Ankara Fabric (6 yards),Fashion,5,18500,0,Transfer
NM-00678,2025-04-24,Enugu,Enugu - Independence Layout,Dayo Abubakar,Retail,P039,Printer Paper A4 (Box),Office,8,24500,10,Transfer
NM-00679,2025-04-24,Enugu,Enugu - Independence Layout,Zainab Obi,Retail,P029,Semovita 10kg,Groceries,12,11800,0,Transfer
NM-00680,2025-04-24,Ibadan,Ibadan - Bodija,Bisi Olawale,Retail,P036,Office Chair,Furniture,6,79000,10,POS
NM-00681,2025-04-25,Abuja,Abuja - Wuse,Tunde Eze,Retail,P011,Wireless Mouse,Accessories,11,9500,0,POS
NM-00682,2025-04-25,Lagos,Lagos - Lekki,Uche Musa,Retail,P002,Infinix Hot 40,Phones,2,162000,0,Card
NM-00683,2025-04-25,Lagos,Lagos - Ikeja,Chioma Onyeka,Wholesale,P029,Semovita 10kg,Groceries,12,11800,10,Transfer
NM-00684,2025-04-25,Lagos,Lagos - Ikeja,Tolu Eze,Retail,P026,Indomie Carton (40),Groceries,2,13500,0,Transfer
NM-00685,2025-04-25,Abuja,Abuja - Wuse,Tunde Eze,Online,P025,Vegetable Oil 5L,Groceries,5,17500,5,Cash
NM-00686,2025-04-25,Ibadan,Ibadan - Bodija,Tolu Bello,Retail,P014,JBL Flip 6 Speaker,TV & Audio,2,129000,0,POS
NM-00687,2025-04-25,Abuja,Abuja - Wuse,Chidi Uzor,Wholesale,P003,Samsung Galaxy A15,Phones,18,205000,15,Transfer
NM-00688,2025-04-25,Lagos,Lagos - Lekki,Ifeanyi Adebayo,Retail,P007,Phone Charger (Fast),Accessories,4,7500,0,POS
NM-00689,2025-04-25,Abuja,Abuja - Wuse,Bola Musa,Retail,P015,Sound Bar 2.1,TV & Audio,6,95000,0,POS
NM-00690,2025-04-25,Ibadan,Ibadan - Bodija,Tolu Bello,Retail,P020,Microwave Oven 20L,Appliances,3,86000,5,Transfer
NM-00691,2025-04-26,Kano,Kano - Sabon Gari,Bisi Onyeka,Retail,P007,Phone Charger (Fast),Accessories,7,7500,10,Transfer
NM-00692,2025-04-26,Lagos,Lagos - Ikeja,Ngozi Olawale,Online,P026,Indomie Carton (40),Groceries,5,13500,5,Transfer
NM-00693,2025-04-26,Lagos,Lagos - Surulere,Adaeze Garba,Retail,P026,Indomie Carton (40),Groceries,8,13500,0,Transfer
NM-00694,2025-04-26,Lagos,Lagos - Lekki,Ifeanyi Adebayo,Online,P007,Phone Charger (Fast),Accessories,6,7500,0,Transfer
NM-00695,2025-04-27,Kano,Kano - Sabon Gari,Maryam Chukwu,Online,P020,Microwave Oven 20L,Appliances,2,86000,0,Cash
NM-00696,2025-04-27,Abuja,Abuja - Garki,Zainab Eze,Wholesale,P003,Samsung Galaxy A15,Phones,14,205000,15,POS
NM-00697,2025-04-27,Ibadan,Ibadan - Bodija,Tunde Adebayo,Online,P005,Oraimo Power Bank 20000mAh,Accessories,10,21000,15,Transfer
NM-00698,2025-04-28,Lagos,Lagos - Surulere,Adaeze Garba,Retail,P001,Tecno Spark 20,Phones,2,145000,10,Transfer
NM-00699,2025-04-28,Port Harcourt,Port Harcourt - GRA,Ibrahim Danjuma,Retail,P039,Printer Paper A4 (Box),Office,6,24500,5,Transfer
NM-00700,2025-04-28,Lagos,Lagos - Surulere,Kelechi Garba,Retail,P023,Surge Protector,Power,7,12500,0,Card
NM-00701,2025-04-28,Lagos,Lagos - Ikeja,Ngozi Olawale,Online,P025,Vegetable Oil 5L,Groceries,6,17500,0,Cash
NM-00702,2025-04-28,Port Harcourt,Port Harcourt - GRA,Ibrahim Danjuma,Online,P019,"Standing Fan 18""",Appliances,1,38500,0,Transfer
NM-00703,2025-04-28,Ibadan,Ibadan - Bodija,Tolu Bello,Wholesale,P026,Indomie Carton (40),Groceries,32,13500,15,Card
NM-00704,2025-04-28,Lagos,Lagos - Surulere,Dayo Suleiman,Retail,P015,Sound Bar 2.1,TV & Audio,6,95000,5,Transfer
NM-00705,2025-04-28,Lagos,Lagos - Lekki,Uche Uzor,Retail,P006,Oraimo FreePods 4,Accessories,10,25500,0,Card
NM-00706,2025-04-28,Port Harcourt,Port Harcourt - GRA,Nneka Olawale,Online,P001,Tecno Spark 20,Phones,1,145000,0,Transfer
NM-00707,2025-04-28,Lagos,Lagos - Lekki,Uche Musa,Retail,P024,Rice 50kg (Local),Groceries,6,78000,0,Transfer
NM-00708,2025-04-28,Enugu,Enugu - Independence Layout,Zainab Obi,Retail,P027,Milo 1kg Refill,Groceries,7,9200,0,Transfer
NM-00709,2025-04-28,Port Harcourt,Port Harcourt - GRA,Nneka Olawale,Online,P040,HP Ink Cartridge 305,Office,9,14500,10,Transfer
NM-00710,2025-04-28,Enugu,Enugu - Independence Layout,Dayo Abubakar,Retail,P025,Vegetable Oil 5L,Groceries,2,17500,0,Cash
NM-00711,2025-04-28,Abuja,Abuja - Garki,Bola Okafor,Retail,P026,Indomie Carton (40),Groceries,1,13500,0,POS
NM-00712,2025-04-28,Lagos,Lagos - Surulere,Adaeze Garba,Retail,P028,Peak Milk Tin (24),Groceries,9,16500,5,Cash
NM-00713,2025-04-28,Abuja,Abuja - Wuse,Tunde Eze,Retail,P037,Study Desk,Furniture,2,64000,0,Transfer
NM-00714,2025-04-29,Lagos,Lagos - Lekki,Uche Musa,Online,P028,Peak Milk Tin (24),Groceries,1,16500,0,POS
NM-00715,2025-04-29,Port Harcourt,Port Harcourt - GRA,Ibrahim Danjuma,Retail,P033,Women's Ankara Dress,Fashion,6,31000,0,POS
NM-00716,2025-04-29,Lagos,Lagos - Ikeja,Chioma Onyeka,Wholesale,P006,Oraimo FreePods 4,Accessories,54,25500,10,POS
NM-00717,2025-04-29,Lagos,Lagos - Ikeja,Ngozi Olawale,Retail,P034,Sneakers (Unisex),Fashion,6,26000,5,POS
NM-00718,2025-04-29,Port Harcourt,Port Harcourt - GRA,Ibrahim Danjuma,Online,P007,Phone Charger (Fast),Accessories,4,7500,10,POS
NM-00719,2025-04-29,Abuja,Abuja - Wuse,Chidi Uzor,Retail,P019,"Standing Fan 18""",Appliances,5,38500,0,Transfer
NM-00720,2025-04-29,Ibadan,Ibadan - Bodija,Tolu Bello,Retail,P019,"Standing Fan 18""",Appliances,11,38500,0,POS
NM-00721,2025-04-29,Port Harcourt,Port Harcourt - GRA,Ibrahim Danjuma,Retail,P029,Semovita 10kg,Groceries,2,11800,0,Transfer
NM-00722,2025-04-30,Lagos,Lagos - Ikeja,Ngozi Olawale,Wholesale,P015,Sound Bar 2.1,TV & Audio,14,95000,10,Cash
NM-00723,2025-04-30,Abuja,Abuja - Garki,Bola Okafor,Retail,P031,Ankara Fabric (6 yards),Fashion,12,18500,0,Transfer
NM-00724,2025-04-30,Port Harcourt,Port Harcourt - GRA,Ibrahim Danjuma,Online,P026,Indomie Carton (40),Groceries,6,13500,10,Transfer
NM-00725,2025-04-30,Lagos,Lagos - Lekki,Uche Uzor,Online,P031,Ankara Fabric (6 yards),Fashion,1,18500,0,POS
NM-00726,2025-04-30,Lagos,Lagos - Lekki,Uche Uzor,Wholesale,P001,Tecno Spark 20,Phones,8,145000,10,Transfer
NM-00727,2025-04-30,Abuja,Abuja - Wuse,Tunde Eze,Retail,P027,Milo 1kg Refill,Groceries,4,9200,0,Transfer
NM-00728,2025-04-30,Lagos,Lagos - Lekki,Uche Musa,Retail,P029,Semovita 10kg,Groceries,5,11800,15,Transfer
NM-00729,2025-05-01,Ibadan,Ibadan - Bodija,Bisi Olawale,Retail,P026,Indomie Carton (40),Groceries,3,13500,0,Transfer
NM-00730,2025-05-01,Abuja,Abuja - Wuse,Chidi Uzor,Online,P006,Oraimo FreePods 4,Accessories,5,25500,0,Transfer
NM-00731,2025-05-01,Kano,Kano - Sabon Gari,Hauwa Danjuma,Retail,P014,JBL Flip 6 Speaker,TV & Audio,2,129000,0,POS
NM-00732,2025-05-01,Enugu,Enugu - Independence Layout,Emeka Garba,Online,P034,Sneakers (Unisex),Fashion,2,26000,0,Transfer
NM-00733,2025-05-01,Lagos,Lagos - Surulere,Kelechi Garba,Online,P020,Microwave Oven 20L,Appliances,2,86000,5,Transfer
NM-00734,2025-05-01,Lagos,Lagos - Lekki,Ifeanyi Adebayo,Online,P019,"Standing Fan 18""",Appliances,9,38500,0,Cash
NM-00735,2025-05-01,Enugu,Enugu - Independence Layout,Emeka Garba,Retail,P035,School Bag,Fashion,8,12500,5,POS
NM-00736,2025-05-01,Ibadan,Ibadan - Bodija,Tunde Adebayo,Retail,P025,Vegetable Oil 5L,Groceries,11,17500,15,Cash
NM-00737,2025-05-02,Abuja,Abuja - Wuse,Bola Musa,Retail,P026,Indomie Carton (40),Groceries,6,13500,0,Cash
NM-00738,2025-05-02,Ibadan,Ibadan - Bodija,Tolu Bello,Online,P030,Sugar 1kg (x10),Groceries,4,15000,0,Transfer
NM-00739,2025-05-02,Enugu,Enugu - Independence Layout,Zainab Obi,Retail,P006,Oraimo FreePods 4,Accessories,11,25500,5,Transfer
NM-00740,2025-05-03,Lagos,Lagos - Ikeja,Tolu Eze,Retail,P039,Printer Paper A4 (Box),Office,5,24500,0,POS
NM-00741,2025-05-03,Abuja,Abuja - Garki,Bola Okafor,Online,P038,Mattress 6x6,Furniture,3,178000,5,Transfer
NM-00742,2025-05-04,Lagos,Lagos - Lekki,Uche Uzor,Retail,P029,Semovita 10kg,Groceries,12,11800,0,Cash
NM-00743,2025-05-04,Abuja,Abuja - Wuse,Tunde Eze,Retail,P011,Wireless Mouse,Accessories,11,9500,0,Transfer
NM-00744,2025-05-04,Lagos,Lagos - Lekki,Uche Uzor,Wholesale,P004,iPhone 13 (Refurbished),Phones,7,640000,10,Cash
NM-00745,2025-05-05,Lagos,Lagos - Ikeja,Ngozi Olawale,Online,P007,Phone Charger (Fast),Accessories,8,7500,5,Transfer
NM-00746,2025-05-05,Abuja,Abuja - Garki,Femi Suleiman,Online,P026,Indomie Carton (40),Groceries,11,13500,0,POS
NM-00747,2025-05-05,Kano,Kano - Sabon Gari,Maryam Chukwu,Wholesale,P033,Women's Ankara Dress,Fashion,10,31000,10,Cash
NM-00748,2025-05-05,Ibadan,Ibadan - Bodija,Tolu Bello,Retail,P023,Surge Protector,Power,8,12500,0,Transfer
NM-00749,2025-05-05,Lagos,Lagos - Ikeja,Ngozi Olawale,Retail,P018,Scanfrost Gas Cooker,Appliances,2,229000,15,Cash
NM-00750,2025-05-05,Enugu,Enugu - Independence Layout,Dayo Abubakar,Retail,P023,Surge Protector,Power,2,12500,10,Cash
NM-00751,2025-05-05,Lagos,Lagos - Surulere,Adaeze Garba,Retail,P034,Sneakers (Unisex),Fashion,2,26000,0,Cash
NM-00752,2025-05-06,Lagos,Lagos - Surulere,Kelechi Garba,Online,P027,Milo 1kg Refill,Groceries,6,9200,10,POS
NM-00753,2025-05-06,Lagos,Lagos - Lekki,Uche Uzor,Retail,P025,Vegetable Oil 5L,Groceries,11,17500,5,Transfer
NM-00754,2025-05-07,Ibadan,Ibadan - Bodija,Tolu Bello,Retail,P019,"Standing Fan 18""",Appliances,2,38500,0,Transfer
NM-00755,2025-05-07,Kano,Kano - Sabon Gari,Bisi Onyeka,Retail,P028,Peak Milk Tin (24),Groceries,5,16500,0,Transfer
NM-00756,2025-05-07,Lagos,Lagos - Lekki,Uche Uzor,Wholesale,P005,Oraimo Power Bank 20000mAh,Accessories,4,21000,15,POS
NM-00757,2025-05-07,Lagos,Lagos - Surulere,Dayo Suleiman,Online,P030,Sugar 1kg (x10),Groceries,7,15000,0,Transfer
NM-00758,2025-05-07,Port Harcourt,Port Harcourt - GRA,Nneka Olawale,Retail,P035,School Bag,Fashion,2,12500,0,Cash
NM-00759,2025-05-07,Ibadan,Ibadan - Bodija,Tunde Adebayo,Retail,P037,Study Desk,Furniture,9,64000,0,POS
NM-00760,2025-05-07,Port Harcourt,Port Harcourt - GRA,Nneka Olawale,Online,P033,Women's Ankara Dress,Fashion,10,31000,0,Transfer
NM-00761,2025-05-07,Abuja,Abuja - Wuse,Chidi Uzor,Online,P027,Milo 1kg Refill,Groceries,10,9200,0,Transfer
NM-00762,2025-05-07,Port Harcourt,Port Harcourt - GRA,Nneka Olawale,Retail,P027,Milo 1kg Refill,Groceries,11,9200,0,POS
NM-00763,2025-05-07,Kano,Kano - Sabon Gari,Maryam Chukwu,Retail,P006,Oraimo FreePods 4,Accessories,10,25500,5,Cash
NM-00764,2025-05-07,Kano,Kano - Sabon Gari,Maryam Chukwu,Retail,P008,HP 250 G9 Laptop,Computers,1,585000,5,Transfer
NM-00765,2025-05-08,Port Harcourt,Port Harcourt - GRA,Nneka Olawale,Retail,P003,Samsung Galaxy A15,Phones,1,205000,0,Transfer
NM-00766,2025-05-08,Lagos,Lagos - Lekki,Uche Uzor,Retail,P017,Binatone Blender,Appliances,5,29500,0,POS
NM-00767,2025-05-08,Enugu,Enugu - Independence Layout,Emeka Garba,Retail,P026,Indomie Carton (40),Groceries,6,13500,5,Cash
NM-00768,2025-05-08,Lagos,Lagos - Ikeja,Ngozi Olawale,Online,P007,Phone Charger (Fast),Accessories,6,7500,0,Transfer
NM-00769,2025-05-08,Port Harcourt,Port Harcourt - GRA,Nneka Olawale,Online,P011,Wireless Mouse,Accessories,5,9500,0,Transfer
NM-00770,2025-05-08,Abuja,Abuja - Garki,Bola Okafor,Retail,P027,Milo 1kg Refill,Groceries,11,9200,10,Transfer
NM-00771,2025-05-09,Abuja,Abuja - Wuse,Tunde Eze,Wholesale,P027,Milo 1kg Refill,Groceries,6,9200,15,POS
NM-00772,2025-05-09,Kano,Kano - Sabon Gari,Maryam Chukwu,Retail,P034,Sneakers (Unisex),Fashion,6,26000,5,Transfer
NM-00773,2025-05-09,Lagos,Lagos - Ikeja,Ngozi Olawale,Retail,P029,Semovita 10kg,Groceries,2,11800,0,Transfer
NM-00774,2025-05-09,Lagos,Lagos - Ikeja,Tolu Eze,Retail,P025,Vegetable Oil 5L,Groceries,2,17500,5,Transfer
NM-00775,2025-05-09,Enugu,Enugu - Independence Layout,Zainab Obi,Online,P030,Sugar 1kg (x10),Groceries,3,15000,5,Transfer
NM-00776,2025-05-09,Abuja,Abuja - Wuse,Bola Musa,Online,P001,Tecno Spark 20,Phones,1,145000,0,POS
NM-00777,2025-05-09,Kano,Kano - Sabon Gari,Maryam Chukwu,Online,P016,Thermocool Freezer 200L,Appliances,2,318000,0,Transfer
NM-00778,2025-05-10,Lagos,Lagos - Surulere,Dayo Suleiman,Online,P026,Indomie Carton (40),Groceries,5,13500,0,Transfer
NM-00779,2025-05-10,Abuja,Abuja - Wuse,Tunde Eze,Retail,P024,Rice 50kg (Local),Groceries,3,78000,10,Cash
NM-00780,2025-05-11,Enugu,Enugu - Independence Layout,Emeka Garba,Online,P017,Binatone Blender,Appliances,4,29500,0,Transfer
NM-00781,2025-05-11,Abuja,Abuja - Wuse,Bola Musa,Online,P006,Oraimo FreePods 4,Accessories,11,25500,0,Transfer
NM-00782,2025-05-11,Abuja,Abuja - Wuse,Chidi Uzor,Online,P026,Indomie Carton (40),Groceries,5,13500,0,Transfer
NM-00783,2025-05-12,Ibadan,Ibadan - Bodija,Bisi Olawale,Retail,P028,Peak Milk Tin (24),Groceries,6,16500,0,POS
NM-00784,2025-05-12,Abuja,Abuja - Wuse,Bola Musa,Wholesale,P019,"Standing Fan 18""",Appliances,9,38500,10,POS
NM-00785,2025-05-12,Enugu,Enugu - Independence Layout,Emeka Garba,Retail,P019,"Standing Fan 18""",Appliances,2,38500,0,Transfer
NM-00786,2025-05-12,Lagos,Lagos - Ikeja,Chioma Onyeka,Retail,P034,Sneakers (Unisex),Fashion,11,26000,5,Transfer
NM-00787,2025-05-12,Lagos,Lagos - Ikeja,Tolu Eze,Retail,P020,Microwave Oven 20L,Appliances,9,86000,0,Cash
NM-00788,2025-05-12,Enugu,Enugu - Independence Layout,Zainab Obi,Retail,P011,Wireless Mouse,Accessories,2,9500,15,Transfer
NM-00789,2025-05-13,Lagos,Lagos - Surulere,Dayo Suleiman,Retail,P017,Binatone Blender,Appliances,9,29500,10,Cash
NM-00790,2025-05-13,Lagos,Lagos - Lekki,Uche Uzor,Retail,P025,Vegetable Oil 5L,Groceries,12,17500,5,POS
NM-00791,2025-05-13,Lagos,Lagos - Surulere,Adaeze Garba,Retail,P028,Peak Milk Tin (24),Groceries,1,16500,10,Transfer
NM-00792,2025-05-13,Kano,Kano - Sabon Gari,Bisi Onyeka,Online,P013,"Hisense 55"" 4K TV",TV & Audio,3,499000,0,Transfer
NM-00793,2025-05-13,Ibadan,Ibadan - Bodija,Tunde Adebayo,Wholesale,P039,Printer Paper A4 (Box),Office,44,24500,15,POS
NM-00794,2025-05-13,Enugu,Enugu - Independence Layout,Dayo Abubakar,Retail,P027,Milo 1kg Refill,Groceries,12,9200,0,Transfer
NM-00795,2025-05-13,Kano,Kano - Sabon Gari,Bisi Onyeka,Retail,P018,Scanfrost Gas Cooker,Appliances,3,229000,5,Cash
NM-00796,2025-05-13,Abuja,Abuja - Wuse,Bola Musa,Retail,P031,Ankara Fabric (6 yards),Fashion,5,18500,0,Card
NM-00797,2025-05-14,Port Harcourt,Port Harcourt - GRA,Nneka Olawale,Retail,P035,School Bag,Fashion,4,12500,0,Transfer
NM-00798,2025-05-14,Abuja,Abuja - Wuse,Tunde Eze,Retail,P011,Wireless Mouse,Accessories,6,9500,0,Transfer
NM-00799,2025-05-14,Enugu,Enugu - Independence Layout,Zainab Obi,Retail,P001,Tecno Spark 20,Phones,2,145000,5,Transfer
NM-00800,2025-05-15,Enugu,Enugu - Independence Layout,Zainab Obi,Retail,P029,Semovita 10kg,Groceries,9,11800,5,Cash
NM-00801,2025-05-15,Lagos,Lagos - Ikeja,Ngozi Olawale,Retail,P029,Semovita 10kg,Groceries,3,11800,10,Cash
NM-00802,2025-05-15,Lagos,Lagos - Surulere,Dayo Suleiman,Online,P003,Samsung Galaxy A15,Phones,3,205000,0,Transfer
NM-00803,2025-05-15,Lagos,Lagos - Ikeja,Tolu Eze,Retail,P007,Phone Charger (Fast),Accessories,3,7500,5,POS
NM-00804,2025-05-15,Port Harcourt,Port Harcourt - GRA,Nneka Olawale,Online,P028,Peak Milk Tin (24),Groceries,4,16500,15,Transfer
NM-00805,2025-05-16,Enugu,Enugu - Independence Layout,Zainab Obi,Retail,P040,HP Ink Cartridge 305,Office,12,14500,0,POS
NM-00806,2025-05-16,Lagos,Lagos - Lekki,Uche Musa,Retail,P006,Oraimo FreePods 4,Accessories,2,25500,0,Transfer
NM-00807,2025-05-16,Lagos,Lagos - Ikeja,Ngozi Olawale,Retail,P027,Milo 1kg Refill,Groceries,3,9200,0,POS
NM-00808,2025-05-16,Lagos,Lagos - Ikeja,Tolu Eze,Retail,P033,Women's Ankara Dress,Fashion,1,31000,0,Transfer
NM-00809,2025-05-16,Ibadan,Ibadan - Bodija,Bisi Olawale,Online,P026,Indomie Carton (40),Groceries,3,13500,5,Transfer
NM-00810,2025-05-17,Kano,Kano - Sabon Gari,Bisi Onyeka,Online,P030,Sugar 1kg (x10),Groceries,9,15000,0,Transfer
NM-00811,2025-05-17,Abuja,Abuja - Wuse,Chidi Uzor,Wholesale,P026,Indomie Carton (40),Groceries,5,13500,15,POS
NM-00812,2025-05-17,Kano,Kano - Sabon Gari,Hauwa Danjuma,Retail,P007,Phone Charger (Fast),Accessories,9,7500,5,Cash
NM-00813,2025-05-17,Lagos,Lagos - Ikeja,Ngozi Olawale,Retail,P024,Rice 50kg (Local),Groceries,2,78000,5,POS
NM-00814,2025-05-18,Lagos,Lagos - Lekki,Uche Musa,Retail,P028,Peak Milk Tin (24),Groceries,11,16500,5,POS
NM-00815,2025-05-18,Lagos,Lagos - Ikeja,Tolu Eze,Retail,P027,Milo 1kg Refill,Groceries,2,9200,10,POS
NM-00816,2025-05-19,Enugu,Enugu - Independence Layout,Emeka Garba,Wholesale,P003,Samsung Galaxy A15,Phones,8,205000,15,Cash
NM-00817,2025-05-19,Ibadan,Ibadan - Bodija,Tolu Bello,Online,P028,Peak Milk Tin (24),Groceries,1,16500,0,Cash
NM-00818,2025-05-19,Port Harcourt,Port Harcourt - GRA,Nneka Olawale,Retail,P030,Sugar 1kg (x10),Groceries,12,15000,15,POS
NM-00819,2025-05-19,Lagos,Lagos - Ikeja,Ngozi Olawale,Online,P027,Milo 1kg Refill,Groceries,9,9200,5,Transfer
NM-00820,2025-05-19,Lagos,Lagos - Lekki,Uche Musa,Retail,P025,Vegetable Oil 5L,Groceries,7,17500,0,Cash
NM-00821,2025-05-19,Lagos,Lagos - Lekki,Uche Uzor,Retail,P028,Peak Milk Tin (24),Groceries,2,16500,0,POS
NM-00822,2025-05-19,Lagos,Lagos - Ikeja,Chioma Onyeka,Retail,P005,Oraimo Power Bank 20000mAh,Accessories,3,21000,0,Transfer
NM-00823,2025-05-20,Abuja,Abuja - Garki,Zainab Eze,Online,P026,Indomie Carton (40),Groceries,3,13500,5,Transfer
NM-00824,2025-05-20,Abuja,Abuja - Garki,Zainab Eze,Retail,P013,"Hisense 55"" 4K TV",TV & Audio,3,499000,0,Card
NM-00825,2025-05-20,Lagos,Lagos - Ikeja,Tolu Eze,Retail,P011,Wireless Mouse,Accessories,11,9500,0,Transfer
NM-00826,2025-05-20,Port Harcourt,Port Harcourt - GRA,Ibrahim Danjuma,Retail,P006,Oraimo FreePods 4,Accessories,4,25500,0,Cash
NM-00827,2025-05-20,Port Harcourt,Port Harcourt - GRA,Nneka Olawale,Retail,P005,Oraimo Power Bank 20000mAh,Accessories,6,21000,0,Card
NM-00828,2025-05-21,Lagos,Lagos - Lekki,Uche Uzor,Online,P025,Vegetable Oil 5L,Groceries,7,17500,0,Transfer
NM-00829,2025-05-21,Lagos,Lagos - Surulere,Dayo Suleiman,Retail,P002,Infinix Hot 40,Phones,2,162000,15,POS
NM-00830,2025-05-21,Enugu,Enugu - Independence Layout,Emeka Garba,Online,P016,Thermocool Freezer 200L,Appliances,3,318000,0,Transfer
NM-00831,2025-05-21,Lagos,Lagos - Surulere,Dayo Suleiman,Online,P025,Vegetable Oil 5L,Groceries,6,17500,5,Transfer
NM-00832,2025-05-21,Abuja,Abuja - Wuse,Bola Musa,Retail,P025,Vegetable Oil 5L,Groceries,8,17500,0,Transfer
NM-00833,2025-05-22,Port Harcourt,Port Harcourt - GRA,Segun Chukwu,Wholesale,P027,Milo 1kg Refill,Groceries,6,9200,10,Transfer
NM-00834,2025-05-22,Lagos,Lagos - Lekki,Ifeanyi Adebayo,Retail,P035,School Bag,Fashion,8,12500,0,Cash
NM-00835,2025-05-22,Lagos,Lagos - Lekki,Uche Musa,Online,P024,Rice 50kg (Local),Groceries,1,78000,0,Transfer
NM-00836,2025-05-22,Abuja,Abuja - Wuse,Chidi Uzor,Retail,P034,Sneakers (Unisex),Fashion,6,26000,5,Cash
NM-00837,2025-05-22,Ibadan,Ibadan - Bodija,Tolu Bello,Retail,P012,"LG 43"" Smart TV",TV & Audio,1,349000,15,Transfer
NM-00838,2025-05-22,Lagos,Lagos - Lekki,Ifeanyi Adebayo,Retail,P011,Wireless Mouse,Accessories,10,9500,0,Transfer
NM-00839,2025-05-22,Lagos,Lagos - Ikeja,Tolu Eze,Online,P025,Vegetable Oil 5L,Groceries,9,17500,0,Transfer
NM-00840,2025-05-22,Kano,Kano - Sabon Gari,Hauwa Danjuma,Online,P001,Tecno Spark 20,Phones,1,145000,0,Transfer
NM-00841,2025-05-23,Lagos,Lagos - Lekki,Uche Uzor,Wholesale,P034,Sneakers (Unisex),Fashion,25,26000,15,POS
NM-00842,2025-05-23,Abuja,Abuja - Garki,Bola Okafor,Online,P037,Study Desk,Furniture,11,64000,0,Transfer
NM-00843,2025-05-23,Lagos,Lagos - Lekki,Uche Uzor,Online,P005,Oraimo Power Bank 20000mAh,Accessories,2,21000,0,POS
NM-00844,2025-05-23,Enugu,Enugu - Independence Layout,Dayo Abubakar,Retail,P007,Phone Charger (Fast),Accessories,10,7500,5,Cash
NM-00845,2025-05-23,Abuja,Abuja - Garki,Zainab Eze,Retail,P023,Surge Protector,Power,6,12500,5,POS
NM-00846,2025-05-23,Abuja,Abuja - Garki,Zainab Eze,Retail,P003,Samsung Galaxy A15,Phones,3,205000,0,Transfer
NM-00847,2025-05-23,Ibadan,Ibadan - Bodija,Tolu Bello,Retail,P011,Wireless Mouse,Accessories,4,9500,10,POS
NM-00848,2025-05-24,Port Harcourt,Port Harcourt - GRA,Segun Chukwu,Retail,P031,Ankara Fabric (6 yards),Fashion,10,18500,5,Transfer
NM-00849,2025-05-24,Abuja,Abuja - Garki,Femi Suleiman,Online,P029,Semovita 10kg,Groceries,11,11800,10,POS
NM-00850,2025-05-24,Kano,Kano - Sabon Gari,Bisi Onyeka,Wholesale,P030,Sugar 1kg (x10),Groceries,56,15000,10,Transfer
NM-00851,2025-05-24,Port Harcourt,Port Harcourt - GRA,Segun Chukwu,Retail,P031,Ankara Fabric (6 yards),Fashion,3,18500,5,Card
NM-00852,2025-05-24,Lagos,Lagos - Lekki,Uche Musa,Online,P040,HP Ink Cartridge 305,Office,3,14500,0,Transfer
NM-00853,2025-05-24,Abuja,Abuja - Garki,Bola Okafor,Online,P034,Sneakers (Unisex),Fashion,9,26000,10,Transfer
NM-00854,2025-05-24,Lagos,Lagos - Surulere,Dayo Suleiman,Wholesale,P011,Wireless Mouse,Accessories,36,9500,10,POS
NM-00855,2025-05-25,Lagos,Lagos - Ikeja,Tolu Eze,Retail,P026,Indomie Carton (40),Groceries,11,13500,0,Cash
NM-00856,2025-05-25,Kano,Kano - Sabon Gari,Maryam Chukwu,Retail,P006,Oraimo FreePods 4,Accessories,3,25500,10,POS
NM-00857,2025-05-25,Lagos,Lagos - Surulere,Kelechi Garba,Online,P028,Peak Milk Tin (24),Groceries,8,16500,0,Transfer
NM-00858,2025-05-26,Lagos,Lagos - Ikeja,Tolu Eze,Retail,P028,Peak Milk Tin (24),Groceries,8,16500,5,Card
NM-00859,2025-05-26,Kano,Kano - Sabon Gari,Hauwa Danjuma,Retail,P019,"Standing Fan 18""",Appliances,5,38500,5,Cash
NM-00860,2025-05-26,Lagos,Lagos - Ikeja,Chioma Onyeka,Retail,P028,Peak Milk Tin (24),Groceries,10,16500,0,Cash
NM-00861,2025-05-26,Port Harcourt,Port Harcourt - GRA,Ibrahim Danjuma,Retail,P017,Binatone Blender,Appliances,1,29500,10,Card
NM-00862,2025-05-26,Kano,Kano - Sabon Gari,Maryam Chukwu,Retail,P023,Surge Protector,Power,2,12500,0,POS
NM-00863,2025-05-27,Kano,Kano - Sabon Gari,Hauwa Danjuma,Retail,P029,Semovita 10kg,Groceries,6,11800,0,Cash
NM-00864,2025-05-27,Abuja,Abuja - Wuse,Tunde Eze,Online,P002,Infinix Hot 40,Phones,1,162000,0,Card
NM-00865,2025-05-27,Lagos,Lagos - Lekki,Uche Uzor,Online,P007,Phone Charger (Fast),Accessories,3,7500,0,Transfer
NM-00866,2025-05-27,Port Harcourt,Port Harcourt - GRA,Ibrahim Danjuma,Retail,P019,"Standing Fan 18""",Appliances,4,38500,0,Transfer
NM-00867,2025-05-27,Enugu,Enugu - Independence Layout,Emeka Garba,Retail,P029,Semovita 10kg,Groceries,8,11800,0,Cash
NM-00868,2025-05-27,Ibadan,Ibadan - Bodija,Tolu Bello,Retail,P009,Lenovo IdeaPad 3,Computers,1,560000,5,POS
NM-00869,2025-05-27,Port Harcourt,Port Harcourt - GRA,Nneka Olawale,Retail,P034,Sneakers (Unisex),Fashion,11,26000,0,POS
NM-00870,2025-05-27,Kano,Kano - Sabon Gari,Bisi Onyeka,Online,P011,Wireless Mouse,Accessories,7,9500,0,Transfer
NM-00871,2025-05-28,Enugu,Enugu - Independence Layout,Dayo Abubakar,Wholesale,P001,Tecno Spark 20,Phones,16,145000,10,Transfer
NM-00872,2025-05-28,Lagos,Lagos - Ikeja,Chioma Onyeka,Retail,P015,Sound Bar 2.1,TV & Audio,9,95000,5,Transfer
NM-00873,2025-05-28,Lagos,Lagos - Lekki,Uche Uzor,Online,P008,HP 250 G9 Laptop,Computers,3,585000,10,POS
NM-00874,2025-05-28,Ibadan,Ibadan - Bodija,Bisi Olawale,Wholesale,P026,Indomie Carton (40),Groceries,60,13500,15,POS
NM-00875,2025-05-28,Ibadan,Ibadan - Bodija,Tolu Bello,Retail,P007,Phone Charger (Fast),Accessories,2,7500,0,POS
NM-00876,2025-05-29,Ibadan,Ibadan - Bodija,Tolu Bello,Retail,P021,Solar Generator 1kVA,Power,2,475000,0,Transfer
NM-00877,2025-05-29,Enugu,Enugu - Independence Layout,Dayo Abubakar,Online,P011,Wireless Mouse,Accessories,12,9500,5,Transfer
NM-00878,2025-05-29,Ibadan,Ibadan - Bodija,Bisi Olawale,Online,P026,Indomie Carton (40),Groceries,12,13500,0,Transfer
NM-00879,2025-05-29,Enugu,Enugu - Independence Layout,Zainab Obi,Wholesale,P014,JBL Flip 6 Speaker,TV & Audio,14,129000,15,POS
NM-00880,2025-05-29,Lagos,Lagos - Lekki,Uche Musa,Wholesale,P034,Sneakers (Unisex),Fashion,8,26000,10,Transfer
NM-00881,2025-05-29,Lagos,Lagos - Ikeja,Tolu Eze,Retail,P032,Men's Senator Wear,Fashion,5,35000,15,Card
NM-00882,2025-05-29,Port Harcourt,Port Harcourt - GRA,Ibrahim Danjuma,Retail,P031,Ankara Fabric (6 yards),Fashion,4,18500,0,Cash
NM-00883,2025-05-29,Abuja,Abuja - Garki,Bola Okafor,Retail,P011,Wireless Mouse,Accessories,12,9500,5,Card
NM-00884,2025-05-29,Kano,Kano - Sabon Gari,Bisi Onyeka,Retail,P025,Vegetable Oil 5L,Groceries,4,17500,0,Transfer
NM-00885,2025-05-30,Abuja,Abuja - Garki,Femi Suleiman,Retail,P026,Indomie Carton (40),Groceries,9,13500,0,Cash
NM-00886,2025-05-30,Ibadan,Ibadan - Bodija,Tolu Bello,Retail,P016,Thermocool Freezer 200L,Appliances,1,318000,15,POS
NM-00887,2025-05-30,Lagos,Lagos - Lekki,Uche Uzor,Online,P039,Printer Paper A4 (Box),Office,2,24500,0,Transfer
NM-00888,2025-05-30,Kano,Kano - Sabon Gari,Maryam Chukwu,Wholesale,P003,Samsung Galaxy A15,Phones,8,205000,15,POS
NM-00889,2025-05-30,Lagos,Lagos - Surulere,Kelechi Garba,Wholesale,P005,Oraimo Power Bank 20000mAh,Accessories,28,21000,10,Cash
NM-00890,2025-05-31,Kano,Kano - Sabon Gari,Maryam Chukwu,Retail,P001,Tecno Spark 20,Phones,2,145000,0,POS
NM-00891,2025-05-31,Lagos,Lagos - Lekki,Uche Musa,Retail,P016,Thermocool Freezer 200L,Appliances,1,318000,5,Transfer
NM-00892,2025-05-31,Port Harcourt,Port Harcourt - GRA,Segun Chukwu,Wholesale,P005,Oraimo Power Bank 20000mAh,Accessories,32,21000,10,Transfer
NM-00893,2025-05-31,Lagos,Lagos - Ikeja,Chioma Onyeka,Retail,P030,Sugar 1kg (x10),Groceries,5,15000,0,POS
NM-00894,2025-06-01,Lagos,Lagos - Surulere,Dayo Suleiman,Retail,P011,Wireless Mouse,Accessories,6,9500,0,POS
NM-00895,2025-06-01,Abuja,Abuja - Wuse,Chidi Uzor,Retail,P014,JBL Flip 6 Speaker,TV & Audio,1,129000,0,POS
NM-00896,2025-06-01,Lagos,Lagos - Ikeja,Tolu Eze,Online,P029,Semovita 10kg,Groceries,9,11800,15,Transfer
NM-00897,2025-06-02,Abuja,Abuja - Wuse,Tunde Eze,Online,P023,Surge Protector,Power,11,12500,0,Transfer
NM-00898,2025-06-02,Abuja,Abuja - Wuse,Tunde Eze,Retail,P002,Infinix Hot 40,Phones,1,162000,10,Cash
NM-00899,2025-06-02,Ibadan,Ibadan - Bodija,Tunde Adebayo,Retail,P007,Phone Charger (Fast),Accessories,3,7500,0,Transfer
NM-00900,2025-06-02,Lagos,Lagos - Ikeja,Ngozi Olawale,Online,P029,Semovita 10kg,Groceries,3,11800,0,Transfer
NM-00901,2025-06-02,Ibadan,Ibadan - Bodija,Tunde Adebayo,Online,P007,Phone Charger (Fast),Accessories,2,7500,0,Transfer
NM-00902,2025-06-02,Lagos,Lagos - Ikeja,Tolu Eze,Retail,P001,Tecno Spark 20,Phones,3,145000,0,Transfer
NM-00903,2025-06-02,Ibadan,Ibadan - Bodija,Bisi Olawale,Retail,P006,Oraimo FreePods 4,Accessories,2,25500,0,Card
NM-00904,2025-06-02,Enugu,Enugu - Independence Layout,Emeka Garba,Online,P023,Surge Protector,Power,12,12500,5,Transfer
NM-00905,2025-06-03,Enugu,Enugu - Independence Layout,Dayo Abubakar,Retail,P019,"Standing Fan 18""",Appliances,6,38500,5,Card
NM-00906,2025-06-03,Enugu,Enugu - Independence Layout,Emeka Garba,Retail,P030,Sugar 1kg (x10),Groceries,2,15000,15,Cash
NM-00907,2025-06-03,Ibadan,Ibadan - Bodija,Tolu Bello,Wholesale,P027,Milo 1kg Refill,Groceries,72,9200,10,POS
NM-00908,2025-06-03,Lagos,Lagos - Surulere,Kelechi Garba,Retail,P012,"LG 43"" Smart TV",TV & Audio,2,349000,10,POS
NM-00909,2025-06-03,Enugu,Enugu - Independence Layout,Dayo Abubakar,Retail,P025,Vegetable Oil 5L,Groceries,10,17500,5,POS
NM-00910,2025-06-03,Kano,Kano - Sabon Gari,Bisi Onyeka,Retail,P003,Samsung Galaxy A15,Phones,3,205000,0,Transfer
NM-00911,2025-06-03,Enugu,Enugu - Independence Layout,Dayo Abubakar,Online,P024,Rice 50kg (Local),Groceries,1,78000,0,Transfer
NM-00912,2025-06-04,Port Harcourt,Port Harcourt - GRA,Ibrahim Danjuma,Wholesale,P029,Semovita 10kg,Groceries,5,11800,15,Transfer
NM-00913,2025-06-04,Abuja,Abuja - Wuse,Tunde Eze,Retail,P010,Dell Inspiron 15,Computers,1,649000,5,Transfer
NM-00914,2025-06-04,Abuja,Abuja - Garki,Zainab Eze,Online,P005,Oraimo Power Bank 20000mAh,Accessories,4,21000,10,Transfer
NM-00915,2025-06-04,Kano,Kano - Sabon Gari,Bisi Onyeka,Online,P015,Sound Bar 2.1,TV & Audio,7,95000,5,Transfer
NM-00916,2025-06-04,Port Harcourt,Port Harcourt - GRA,Segun Chukwu,Online,P006,Oraimo FreePods 4,Accessories,12,25500,0,Transfer
NM-00917,2025-06-04,Abuja,Abuja - Wuse,Chidi Uzor,Retail,P007,Phone Charger (Fast),Accessories,4,7500,0,Cash
NM-00918,2025-06-05,Abuja,Abuja - Garki,Femi Suleiman,Retail,P036,Office Chair,Furniture,12,79000,0,Transfer
NM-00919,2025-06-05,Enugu,Enugu - Independence Layout,Zainab Obi,Retail,P030,Sugar 1kg (x10),Groceries,1,15000,0,POS
NM-00920,2025-06-05,Lagos,Lagos - Surulere,Adaeze Garba,Online,P007,Phone Charger (Fast),Accessories,6,7500,0,Transfer
NM-00921,2025-06-05,Ibadan,Ibadan - Bodija,Tunde Adebayo,Retail,P011,Wireless Mouse,Accessories,3,9500,5,Transfer
NM-00922,2025-06-05,Lagos,Lagos - Surulere,Dayo Suleiman,Retail,P028,Peak Milk Tin (24),Groceries,9,16500,0,Cash
NM-00923,2025-06-05,Abuja,Abuja - Wuse,Bola Musa,Retail,P003,Samsung Galaxy A15,Phones,3,205000,0,Cash
NM-00924,2025-06-06,Lagos,Lagos - Ikeja,Chioma Onyeka,Retail,P025,Vegetable Oil 5L,Groceries,2,17500,0,Transfer
NM-00925,2025-06-06,Kano,Kano - Sabon Gari,Bisi Onyeka,Online,P005,Oraimo Power Bank 20000mAh,Accessories,1,21000,10,Card
NM-00926,2025-06-06,Lagos,Lagos - Ikeja,Ngozi Olawale,Online,P007,Phone Charger (Fast),Accessories,12,7500,0,Transfer
NM-00927,2025-06-07,Lagos,Lagos - Surulere,Dayo Suleiman,Retail,P013,"Hisense 55"" 4K TV",TV & Audio,3,499000,10,POS
NM-00928,2025-06-07,Lagos,Lagos - Ikeja,Chioma Onyeka,Retail,P026,Indomie Carton (40),Groceries,6,13500,0,Transfer
NM-00929,2025-06-08,Port Harcourt,Port Harcourt - GRA,Ibrahim Danjuma,Retail,P001,Tecno Spark 20,Phones,3,145000,0,Transfer
NM-00930,2025-06-08,Ibadan,Ibadan - Bodija,Bisi Olawale,Online,P001,Tecno Spark 20,Phones,2,145000,0,Transfer
NM-00931,2025-06-08,Enugu,Enugu - Independence Layout,Emeka Garba,Retail,P023,Surge Protector,Power,7,12500,0,Transfer
NM-00932,2025-06-08,Abuja,Abuja - Wuse,Chidi Uzor,Retail,P032,Men's Senator Wear,Fashion,10,35000,0,Transfer
NM-00933,2025-06-08,Kano,Kano - Sabon Gari,Bisi Onyeka,Retail,P022,Inverter Battery 200Ah,Power,1,355000,0,Transfer
NM-00934,2025-06-08,Abuja,Abuja - Wuse,Bola Musa,Wholesale,P007,Phone Charger (Fast),Accessories,77,7500,10,Cash
NM-00935,2025-06-09,Ibadan,Ibadan - Bodija,Tolu Bello,Retail,P002,Infinix Hot 40,Phones,3,162000,0,Transfer
NM-00936,2025-06-09,Kano,Kano - Sabon Gari,Hauwa Danjuma,Wholesale,P029,Semovita 10kg,Groceries,33,11800,10,Transfer
NM-00937,2025-06-09,Lagos,Lagos - Ikeja,Chioma Onyeka,Retail,P017,Binatone Blender,Appliances,12,29500,5,POS
NM-00938,2025-06-09,Lagos,Lagos - Ikeja,Chioma Onyeka,Retail,P027,Milo 1kg Refill,Groceries,11,9200,0,Transfer
NM-00939,2025-06-09,Lagos,Lagos - Surulere,Dayo Suleiman,Wholesale,P001,Tecno Spark 20,Phones,6,145000,15,Transfer
NM-00940,2025-06-09,Lagos,Lagos - Surulere,Dayo Suleiman,Retail,P026,Indomie Carton (40),Groceries,8,13500,15,Cash
NM-00941,2025-06-10,Ibadan,Ibadan - Bodija,Tolu Bello,Retail,P007,Phone Charger (Fast),Accessories,8,7500,0,Transfer
NM-00942,2025-06-10,Enugu,Enugu - Independence Layout,Dayo Abubakar,Retail,P001,Tecno Spark 20,Phones,2,145000,0,POS
NM-00943,2025-06-10,Lagos,Lagos - Ikeja,Chioma Onyeka,Retail,P017,Binatone Blender,Appliances,9,29500,10,Transfer
NM-00944,2025-06-10,Kano,Kano - Sabon Gari,Hauwa Danjuma,Retail,P037,Study Desk,Furniture,1,64000,5,Transfer
NM-00945,2025-06-10,Ibadan,Ibadan - Bodija,Tunde Adebayo,Wholesale,P023,Surge Protector,Power,44,12500,10,Cash
NM-00946,2025-06-11,Enugu,Enugu - Independence Layout,Dayo Abubakar,Retail,P032,Men's Senator Wear,Fashion,8,35000,0,POS
NM-00947,2025-06-11,Abuja,Abuja - Garki,Bola Okafor,Online,P007,Phone Charger (Fast),Accessories,9,7500,0,Transfer
NM-00948,2025-06-11,Kano,Kano - Sabon Gari,Maryam Chukwu,Wholesale,P024,Rice 50kg (Local),Groceries,28,78000,15,Transfer
NM-00949,2025-06-12,Lagos,Lagos - Lekki,Uche Musa,Retail,P011,Wireless Mouse,Accessories,5,9500,0,Transfer
NM-00950,2025-06-12,Kano,Kano - Sabon Gari,Maryam Chukwu,Retail,P025,Vegetable Oil 5L,Groceries,3,17500,10,Transfer
NM-00951,2025-06-12,Port Harcourt,Port Harcourt - GRA,Ibrahim Danjuma,Retail,P001,Tecno Spark 20,Phones,3,145000,0,Transfer
NM-00952,2025-06-12,Lagos,Lagos - Lekki,Uche Uzor,Retail,P028,Peak Milk Tin (24),Groceries,3,16500,10,POS
NM-00953,2025-06-13,Lagos,Lagos - Lekki,Uche Uzor,Retail,P002,Infinix Hot 40,Phones,1,162000,5,POS
NM-00954,2025-06-13,Abuja,Abuja - Wuse,Tunde Eze,Retail,P001,Tecno Spark 20,Phones,3,145000,0,POS
NM-00955,2025-06-13,Enugu,Enugu - Independence Layout,Emeka Garba,Retail,P029,Semovita 10kg,Groceries,11,11800,15,Cash
NM-00956,2025-06-13,Lagos,Lagos - Ikeja,Tolu Eze,Retail,P035,School Bag,Fashion,6,12500,5,Card
NM-00957,2025-06-13,Lagos,Lagos - Lekki,Uche Musa,Wholesale,P012,"LG 43"" Smart TV",TV & Audio,3,349000,15,Transfer
NM-00958,2025-06-13,Abuja,Abuja - Wuse,Bola Musa,Wholesale,P014,JBL Flip 6 Speaker,TV & Audio,21,129000,15,Card
NM-00959,2025-06-13,Lagos,Lagos - Lekki,Ifeanyi Adebayo,Retail,P005,Oraimo Power Bank 20000mAh,Accessories,3,21000,0,Cash
NM-00960,2025-06-13,Lagos,Lagos - Lekki,Uche Uzor,Wholesale,P011,Wireless Mouse,Accessories,30,9500,15,Card
NM-00961,2025-06-13,Port Harcourt,Port Harcourt - GRA,Ibrahim Danjuma,Retail,P027,Milo 1kg Refill,Groceries,7,9200,0,POS
NM-00962,2025-06-13,Port Harcourt,Port Harcourt - GRA,Nneka Olawale,Retail,P026,Indomie Carton (40),Groceries,11,13500,10,Card
NM-00963,2025-06-14,Ibadan,Ibadan - Bodija,Tunde Adebayo,Retail,P009,Lenovo IdeaPad 3,Computers,2,560000,10,Transfer
NM-00964,2025-06-14,Ibadan,Ibadan - Bodija,Tolu Bello,Retail,P027,Milo 1kg Refill,Groceries,12,9200,0,Transfer
NM-00965,2025-06-15,Lagos,Lagos - Ikeja,Ngozi Olawale,Retail,P005,Oraimo Power Bank 20000mAh,Accessories,3,21000,0,Transfer
NM-00966,2025-06-15,Port Harcourt,Port Harcourt - GRA,Ibrahim Danjuma,Wholesale,P024,Rice 50kg (Local),Groceries,8,78000,10,Transfer
NM-00967,2025-06-15,Abuja,Abuja - Garki,Bola Okafor,Online,P023,Surge Protector,Power,6,12500,0,POS
NM-00968,2025-06-16,Lagos,Lagos - Lekki,Uche Musa,Retail,P023,Surge Protector,Power,3,12500,0,POS
NM-00969,2025-06-16,Lagos,Lagos - Lekki,Uche Musa,Retail,P025,Vegetable Oil 5L,Groceries,7,17500,0,Transfer
NM-00970,2025-06-16,Abuja,Abuja - Wuse,Bola Musa,Retail,P034,Sneakers (Unisex),Fashion,2,26000,10,Cash
NM-00971,2025-06-16,Lagos,Lagos - Lekki,Uche Uzor,Retail,P025,Vegetable Oil 5L,Groceries,6,17500,0,POS
NM-00972,2025-06-17,Abuja,Abuja - Wuse,Tunde Eze,Retail,P001,Tecno Spark 20,Phones,3,145000,5,POS
NM-00973,2025-06-17,Lagos,Lagos - Surulere,Adaeze Garba,Retail,P002,Infinix Hot 40,Phones,1,162000,0,Card
NM-00974,2025-06-17,Lagos,Lagos - Surulere,Adaeze Garba,Wholesale,P011,Wireless Mouse,Accessories,60,9500,10,Transfer
NM-00975,2025-06-17,Lagos,Lagos - Lekki,Uche Musa,Retail,P001,Tecno Spark 20,Phones,1,145000,0,Cash
NM-00976,2025-06-17,Port Harcourt,Port Harcourt - GRA,Ibrahim Danjuma,Retail,P026,Indomie Carton (40),Groceries,1,13500,0,Transfer
NM-00977,2025-06-17,Port Harcourt,Port Harcourt - GRA,Nneka Olawale,Retail,P026,Indomie Carton (40),Groceries,4,13500,0,Transfer
NM-00978,2025-06-18,Lagos,Lagos - Ikeja,Tolu Eze,Retail,P026,Indomie Carton (40),Groceries,6,13500,0,POS
NM-00979,2025-06-18,Port Harcourt,Port Harcourt - GRA,Nneka Olawale,Retail,P026,Indomie Carton (40),Groceries,4,13500,15,Transfer
NM-00980,2025-06-18,Enugu,Enugu - Independence Layout,Emeka Garba,Retail,P029,Semovita 10kg,Groceries,12,11800,5,Card
NM-00981,2025-06-18,Lagos,Lagos - Surulere,Kelechi Garba,Retail,P023,Surge Protector,Power,3,12500,0,Transfer
NM-00982,2025-06-18,Lagos,Lagos - Surulere,Kelechi Garba,Retail,P035,School Bag,Fashion,5,12500,0,Transfer
NM-00983,2025-06-19,Lagos,Lagos - Ikeja,Ngozi Olawale,Retail,P005,Oraimo Power Bank 20000mAh,Accessories,2,21000,0,Transfer
NM-00984,2025-06-19,Port Harcourt,Port Harcourt - GRA,Segun Chukwu,Online,P035,School Bag,Fashion,5,12500,0,Transfer
NM-00985,2025-06-19,Port Harcourt,Port Harcourt - GRA,Ibrahim Danjuma,Wholesale,P024,Rice 50kg (Local),Groceries,18,78000,15,POS
NM-00986,2025-06-19,Lagos,Lagos - Lekki,Uche Musa,Retail,P033,Women's Ankara Dress,Fashion,9,31000,0,Cash
NM-00987,2025-06-19,Lagos,Lagos - Ikeja,Ngozi Olawale,Wholesale,P029,Semovita 10kg,Groceries,20,11800,10,POS
NM-00988,2025-06-19,Lagos,Lagos - Ikeja,Chioma Onyeka,Online,P017,Binatone Blender,Appliances,9,29500,0,POS
NM-00989,2025-06-19,Ibadan,Ibadan - Bodija,Tolu Bello,Online,P015,Sound Bar 2.1,TV & Audio,5,95000,5,Transfer
NM-00990,2025-06-19,Kano,Kano - Sabon Gari,Maryam Chukwu,Retail,P015,Sound Bar 2.1,TV & Audio,9,95000,5,POS
NM-00991,2025-06-19,Lagos,Lagos - Lekki,Uche Uzor,Retail,P031,Ankara Fabric (6 yards),Fashion,12,18500,0,POS
NM-00992,2025-06-19,Abuja,Abuja - Wuse,Chidi Uzor,Retail,P033,Women's Ankara Dress,Fashion,4,31000,5,Transfer
NM-00993,2025-06-19,Abuja,Abuja - Garki,Bola Okafor,Retail,P026,Indomie Carton (40),Groceries,4,13500,0,Cash
NM-00994,2025-06-19,Port Harcourt,Port Harcourt - GRA,Segun Chukwu,Retail,P039,Printer Paper A4 (Box),Office,12,24500,0,POS
NM-00995,2025-06-20,Lagos,Lagos - Surulere,Kelechi Garba,Retail,P038,Mattress 6x6,Furniture,2,178000,0,Card
NM-00996,2025-06-20,Enugu,Enugu - Independence Layout,Zainab Obi,Retail,P005,Oraimo Power Bank 20000mAh,Accessories,12,21000,10,Cash
NM-00997,2025-06-20,Kano,Kano - Sabon Gari,Hauwa Danjuma,Online,P033,Women's Ankara Dress,Fashion,10,31000,5,Transfer
NM-00998,2025-06-20,Ibadan,Ibadan - Bodija,Tunde Adebayo,Retail,P026,Indomie Carton (40),Groceries,5,13500,0,Cash
NM-00999,2025-06-20,Abuja,Abuja - Wuse,Chidi Uzor,Retail,P015,Sound Bar 2.1,TV & Audio,9,95000,0,Cash
NM-01000,2025-06-20,Port Harcourt,Port Harcourt - GRA,Segun Chukwu,Retail,P035,School Bag,Fashion,11,12500,5,Transfer
NM-01001,2025-06-20,Lagos,Lagos - Ikeja,Ngozi Olawale,Retail,P007,Phone Charger (Fast),Accessories,5,7500,0,Transfer
NM-01002,2025-06-20,Port Harcourt,Port Harcourt - GRA,Nneka Olawale,Retail,P001,Tecno Spark 20,Phones,1,145000,0,Transfer
NM-01003,2025-06-20,Lagos,Lagos - Ikeja,Ngozi Olawale,Online,P002,Infinix Hot 40,Phones,1,162000,0,POS
NM-01004,2025-06-21,Abuja,Abuja - Wuse,Tunde Eze,Online,P027,Milo 1kg Refill,Groceries,4,9200,0,Transfer
NM-01005,2025-06-21,Abuja,Abuja - Garki,Femi Suleiman,Retail,P001,Tecno Spark 20,Phones,1,145000,0,POS
NM-01006,2025-06-21,Ibadan,Ibadan - Bodija,Tolu Bello,Wholesale,P005,Oraimo Power Bank 20000mAh,Accessories,20,21000,10,Transfer
NM-01007,2025-06-21,Kano,Kano - Sabon Gari,Bisi Onyeka,Wholesale,P034,Sneakers (Unisex),Fashion,35,26000,15,Transfer
NM-01008,2025-06-21,Lagos,Lagos - Surulere,Kelechi Garba,Retail,P002,Infinix Hot 40,Phones,2,162000,0,Cash
NM-01009,2025-06-21,Enugu,Enugu - Independence Layout,Dayo Abubakar,Wholesale,P018,Scanfrost Gas Cooker,Appliances,21,229000,10,Transfer
NM-01010,2025-06-21,Kano,Kano - Sabon Gari,Hauwa Danjuma,Wholesale,P006,Oraimo FreePods 4,Accessories,44,25500,10,Transfer
NM-01011,2025-06-21,Port Harcourt,Port Harcourt - GRA,Nneka Olawale,Wholesale,P025,Vegetable Oil 5L,Groceries,36,17500,15,Cash
NM-01012,2025-06-21,Abuja,Abuja - Wuse,Chidi Uzor,Retail,P002,Infinix Hot 40,Phones,3,162000,0,Transfer
NM-01013,2025-06-21,Abuja,Abuja - Garki,Bola Okafor,Retail,P031,Ankara Fabric (6 yards),Fashion,9,18500,0,POS
NM-01014,2025-06-21,Ibadan,Ibadan - Bodija,Tolu Bello,Retail,P036,Office Chair,Furniture,5,79000,10,POS
NM-01015,2025-06-22,Port Harcourt,Port Harcourt - GRA,Segun Chukwu,Retail,P011,Wireless Mouse,Accessories,11,9500,0,Cash
NM-01016,2025-06-22,Abuja,Abuja - Wuse,Chidi Uzor,Retail,P007,Phone Charger (Fast),Accessories,1,7500,0,Cash
NM-01017,2025-06-22,Lagos,Lagos - Lekki,Uche Musa,Wholesale,P024,Rice 50kg (Local),Groceries,16,78000,10,POS
NM-01018,2025-06-22,Lagos,Lagos - Ikeja,Tolu Eze,Retail,P005,Oraimo Power Bank 20000mAh,Accessories,2,21000,5,POS
NM-01019,2025-06-23,Lagos,Lagos - Ikeja,Chioma Onyeka,Retail,P021,Solar Generator 1kVA,Power,2,475000,5,POS
NM-01020,2025-06-23,Lagos,Lagos - Surulere,Adaeze Garba,Retail,P007,Phone Charger (Fast),Accessories,7,7500,10,POS
NM-01021,2025-06-23,Port Harcourt,Port Harcourt - GRA,Segun Chukwu,Wholesale,P039,Printer Paper A4 (Box),Office,20,24500,15,Cash
NM-01022,2025-06-23,Ibadan,Ibadan - Bodija,Tunde Adebayo,Online,P005,Oraimo Power Bank 20000mAh,Accessories,1,21000,0,Cash
NM-01023,2025-06-23,Lagos,Lagos - Lekki,Uche Musa,Online,P009,Lenovo IdeaPad 3,Computers,3,560000,0,Cash
NM-01024,2025-06-23,Ibadan,Ibadan - Bodija,Tunde Adebayo,Online,P023,Surge Protector,Power,7,12500,5,Transfer
NM-01025,2025-06-24,Abuja,Abuja - Garki,Zainab Eze,Retail,P003,Samsung Galaxy A15,Phones,1,205000,5,POS
NM-01026,2025-06-24,Abuja,Abuja - Garki,Bola Okafor,Retail,P037,Study Desk,Furniture,10,64000,5,POS
NM-01027,2025-06-24,Abuja,Abuja - Wuse,Bola Musa,Online,P030,Sugar 1kg (x10),Groceries,1,15000,0,Transfer
NM-01028,2025-06-24,Abuja,Abuja - Garki,Bola Okafor,Retail,P027,Milo 1kg Refill,Groceries,5,9200,0,Transfer
NM-01029,2025-06-24,Lagos,Lagos - Lekki,Ifeanyi Adebayo,Online,P001,Tecno Spark 20,Phones,1,145000,10,Transfer
NM-01030,2025-06-24,Kano,Kano - Sabon Gari,Maryam Chukwu,Online,P029,Semovita 10kg,Groceries,3,11800,5,Transfer
NM-01031,2025-06-24,Lagos,Lagos - Lekki,Uche Uzor,Online,P011,Wireless Mouse,Accessories,8,9500,15,Transfer
NM-01032,2025-06-25,Lagos,Lagos - Ikeja,Chioma Onyeka,Retail,P007,Phone Charger (Fast),Accessories,1,7500,0,Transfer
NM-01033,2025-06-25,Lagos,Lagos - Ikeja,Ngozi Olawale,Retail,P025,Vegetable Oil 5L,Groceries,3,17500,0,Cash
NM-01034,2025-06-25,Kano,Kano - Sabon Gari,Maryam Chukwu,Online,P011,Wireless Mouse,Accessories,2,9500,0,Transfer
NM-01035,2025-06-25,Enugu,Enugu - Independence Layout,Emeka Garba,Retail,P016,Thermocool Freezer 200L,Appliances,2,318000,0,Transfer
NM-01036,2025-06-25,Lagos,Lagos - Surulere,Adaeze Garba,Wholesale,P027,Milo 1kg Refill,Groceries,5,9200,10,POS
NM-01037,2025-06-25,Lagos,Lagos - Ikeja,Tolu Eze,Retail,P017,Binatone Blender,Appliances,8,29500,0,Cash
NM-01038,2025-06-26,Lagos,Lagos - Surulere,Adaeze Garba,Online,P035,School Bag,Fashion,5,12500,0,Transfer
NM-01039,2025-06-26,Abuja,Abuja - Wuse,Tunde Eze,Retail,P025,Vegetable Oil 5L,Groceries,6,17500,10,Transfer
NM-01040,2025-06-26,Abuja,Abuja - Wuse,Tunde Eze,Wholesale,P040,HP Ink Cartridge 305,Office,48,14500,10,Cash
NM-01041,2025-06-26,Lagos,Lagos - Surulere,Kelechi Garba,Retail,P008,HP 250 G9 Laptop,Computers,1,585000,15,POS
NM-01042,2025-06-27,Lagos,Lagos - Lekki,Uche Musa,Retail,P020,Microwave Oven 20L,Appliances,4,86000,0,Transfer
NM-01043,2025-06-27,Kano,Kano - Sabon Gari,Maryam Chukwu,Retail,P007,Phone Charger (Fast),Accessories,5,7500,10,Cash
NM-01044,2025-06-27,Abuja,Abuja - Garki,Zainab Eze,Wholesale,P007,Phone Charger (Fast),Accessories,16,7500,15,POS
NM-01045,2025-06-27,Lagos,Lagos - Lekki,Uche Uzor,Retail,P033,Women's Ankara Dress,Fashion,4,31000,5,Card
NM-01046,2025-06-27,Abuja,Abuja - Garki,Femi Suleiman,Retail,P036,Office Chair,Furniture,2,79000,5,Transfer
NM-01047,2025-06-27,Port Harcourt,Port Harcourt - GRA,Nneka Olawale,Retail,P038,Mattress 6x6,Furniture,2,178000,0,POS
NM-01048,2025-06-27,Lagos,Lagos - Surulere,Adaeze Garba,Retail,P017,Binatone Blender,Appliances,4,29500,0,POS
NM-01049,2025-06-28,Lagos,Lagos - Lekki,Uche Musa,Retail,P001,Tecno Spark 20,Phones,1,145000,0,Transfer
NM-01050,2025-06-28,Ibadan,Ibadan - Bodija,Tunde Adebayo,Online,P029,Semovita 10kg,Groceries,12,11800,5,Transfer
NM-01051,2025-06-28,Port Harcourt,Port Harcourt - GRA,Segun Chukwu,Online,P039,Printer Paper A4 (Box),Office,1,24500,5,Transfer
NM-01052,2025-06-28,Enugu,Enugu - Independence Layout,Emeka Garba,Wholesale,P025,Vegetable Oil 5L,Groceries,24,17500,10,POS
NM-01053,2025-06-28,Lagos,Lagos - Lekki,Uche Musa,Retail,P004,iPhone 13 (Refurbished),Phones,1,640000,0,Transfer
NM-01054,2025-06-29,Kano,Kano - Sabon Gari,Hauwa Danjuma,Retail,P029,Semovita 10kg,Groceries,4,11800,10,Cash
NM-01055,2025-06-29,Enugu,Enugu - Independence Layout,Dayo Abubakar,Retail,P032,Men's Senator Wear,Fashion,2,35000,0,Cash
NM-01056,2025-06-29,Port Harcourt,Port Harcourt - GRA,Segun Chukwu,Retail,P020,Microwave Oven 20L,Appliances,1,86000,0,POS
NM-01057,2025-06-30,Port Harcourt,Port Harcourt - GRA,Nneka Olawale,Retail,P007,Phone Charger (Fast),Accessories,4,7500,0,Transfer
NM-01058,2025-06-30,Port Harcourt,Port Harcourt - GRA,Nneka Olawale,Online,P027,Milo 1kg Refill,Groceries,4,9200,5,Transfer
NM-01059,2025-06-30,Lagos,Lagos - Ikeja,Ngozi Olawale,Retail,P016,Thermocool Freezer 200L,Appliances,1,318000,5,Transfer
NM-01060,2025-06-30,Kano,Kano - Sabon Gari,Hauwa Danjuma,Wholesale,P002,Infinix Hot 40,Phones,9,162000,15,POS
NM-01061,2025-06-30,Ibadan,Ibadan - Bodija,Tolu Bello,Online,P023,Surge Protector,Power,12,12500,0,Transfer
NM-01062,2025-06-30,Port Harcourt,Port Harcourt - GRA,Ibrahim Danjuma,Wholesale,P016,Thermocool Freezer 200L,Appliances,6,318000,10,Cash
NM-01063,2025-07-01,Lagos,Lagos - Ikeja,Tolu Eze,Retail,P024,Rice 50kg (Local),Groceries,8,78000,0,Transfer
NM-01064,2025-07-01,Lagos,Lagos - Surulere,Adaeze Garba,Online,P020,Microwave Oven 20L,Appliances,5,86000,0,Card
NM-01065,2025-07-01,Kano,Kano - Sabon Gari,Hauwa Danjuma,Retail,P006,Oraimo FreePods 4,Accessories,5,25500,0,Transfer
NM-01066,2025-07-01,Lagos,Lagos - Ikeja,Tolu Eze,Retail,P007,Phone Charger (Fast),Accessories,9,7500,5,Cash
NM-01067,2025-07-02,Lagos,Lagos - Ikeja,Tolu Eze,Retail,P028,Peak Milk Tin (24),Groceries,6,16500,0,Transfer
NM-01068,2025-07-02,Lagos,Lagos - Ikeja,Tolu Eze,Online,P006,Oraimo FreePods 4,Accessories,9,25500,5,Transfer
NM-01069,2025-07-02,Lagos,Lagos - Lekki,Ifeanyi Adebayo,Retail,P018,Scanfrost Gas Cooker,Appliances,2,229000,10,Transfer
NM-01070,2025-07-03,Lagos,Lagos - Surulere,Adaeze Garba,Wholesale,P026,Indomie Carton (40),Groceries,56,13500,10,Cash
NM-01071,2025-07-03,Lagos,Lagos - Surulere,Kelechi Garba,Retail,P006,Oraimo FreePods 4,Accessories,9,25500,10,Transfer
NM-01072,2025-07-03,Abuja,Abuja - Wuse,Chidi Uzor,Retail,P020,Microwave Oven 20L,Appliances,11,86000,0,Transfer
NM-01073,2025-07-03,Port Harcourt,Port Harcourt - GRA,Ibrahim Danjuma,Online,P009,Lenovo IdeaPad 3,Computers,2,560000,0,Transfer
NM-01074,2025-07-03,Lagos,Lagos - Lekki,Uche Uzor,Online,P019,"Standing Fan 18""",Appliances,1,38500,0,Transfer
NM-01075,2025-07-03,Enugu,Enugu - Independence Layout,Emeka Garba,Online,P006,Oraimo FreePods 4,Accessories,12,25500,0,Transfer
NM-01076,2025-07-03,Abuja,Abuja - Wuse,Chidi Uzor,Online,P027,Milo 1kg Refill,Groceries,12,9200,0,Transfer
NM-01077,2025-07-04,Port Harcourt,Port Harcourt - GRA,Nneka Olawale,Wholesale,P027,Milo 1kg Refill,Groceries,5,9200,15,Cash
NM-01078,2025-07-04,Enugu,Enugu - Independence Layout,Zainab Obi,Retail,P007,Phone Charger (Fast),Accessories,12,7500,0,POS
NM-01079,2025-07-04,Ibadan,Ibadan - Bodija,Tolu Bello,Retail,P040,HP Ink Cartridge 305,Office,12,14500,0,Cash
NM-01080,2025-07-04,Lagos,Lagos - Ikeja,Ngozi Olawale,Wholesale,P001,Tecno Spark 20,Phones,7,145000,10,POS
NM-01081,2025-07-04,Lagos,Lagos - Ikeja,Chioma Onyeka,Retail,P040,HP Ink Cartridge 305,Office,1,14500,5,Transfer
NM-01082,2025-07-05,Enugu,Enugu - Independence Layout,Zainab Obi,Wholesale,P028,Peak Milk Tin (24),Groceries,18,16500,15,Cash
NM-01083,2025-07-05,Lagos,Lagos - Lekki,Uche Uzor,Retail,P005,Oraimo Power Bank 20000mAh,Accessories,1,21000,5,Cash
NM-01084,2025-07-05,Abuja,Abuja - Wuse,Chidi Uzor,Retail,P024,Rice 50kg (Local),Groceries,8,78000,0,POS
NM-01085,2025-07-05,Abuja,Abuja - Wuse,Chidi Uzor,Online,P039,Printer Paper A4 (Box),Office,5,24500,0,Transfer
NM-01086,2025-07-05,Lagos,Lagos - Surulere,Kelechi Garba,Retail,P019,"Standing Fan 18""",Appliances,5,38500,0,POS
NM-01087,2025-07-05,Lagos,Lagos - Surulere,Dayo Suleiman,Wholesale,P035,School Bag,Fashion,40,12500,10,Card
NM-01088,2025-07-06,Abuja,Abuja - Wuse,Bola Musa,Online,P011,Wireless Mouse,Accessories,4,9500,0,Transfer
NM-01089,2025-07-06,Lagos,Lagos - Ikeja,Ngozi Olawale,Retail,P025,Vegetable Oil 5L,Groceries,8,17500,0,Card
NM-01090,2025-07-06,Abuja,Abuja - Garki,Zainab Eze,Retail,P028,Peak Milk Tin (24),Groceries,6,16500,0,Card
NM-01091,2025-07-07,Kano,Kano - Sabon Gari,Bisi Onyeka,Wholesale,P023,Surge Protector,Power,45,12500,15,Card
NM-01092,2025-07-07,Lagos,Lagos - Lekki,Uche Musa,Retail,P002,Infinix Hot 40,Phones,1,162000,0,Transfer
NM-01093,2025-07-07,Ibadan,Ibadan - Bodija,Bisi Olawale,Online,P002,Infinix Hot 40,Phones,3,162000,15,Transfer
NM-01094,2025-07-07,Lagos,Lagos - Lekki,Ifeanyi Adebayo,Online,P034,Sneakers (Unisex),Fashion,9,26000,0,Transfer
NM-01095,2025-07-07,Lagos,Lagos - Ikeja,Tolu Eze,Wholesale,P024,Rice 50kg (Local),Groceries,36,78000,15,POS
NM-01096,2025-07-07,Lagos,Lagos - Surulere,Kelechi Garba,Online,P033,Women's Ankara Dress,Fashion,6,31000,0,Cash
NM-01097,2025-07-07,Lagos,Lagos - Ikeja,Chioma Onyeka,Retail,P027,Milo 1kg Refill,Groceries,11,9200,0,Transfer
NM-01098,2025-07-08,Port Harcourt,Port Harcourt - GRA,Ibrahim Danjuma,Retail,P007,Phone Charger (Fast),Accessories,12,7500,0,POS
NM-01099,2025-07-08,Lagos,Lagos - Ikeja,Tolu Eze,Retail,P039,Printer Paper A4 (Box),Office,11,24500,0,POS
NM-01100,2025-07-08,Kano,Kano - Sabon Gari,Maryam Chukwu,Wholesale,P011,Wireless Mouse,Accessories,12,9500,15,Transfer
NM-01101,2025-07-08,Abuja,Abuja - Wuse,Bola Musa,Retail,P001,Tecno Spark 20,Phones,1,145000,15,Transfer
NM-01102,2025-07-09,Enugu,Enugu - Independence Layout,Emeka Garba,Wholesale,P034,Sneakers (Unisex),Fashion,72,26000,15,Transfer
NM-01103,2025-07-09,Port Harcourt,Port Harcourt - GRA,Nneka Olawale,Online,P007,Phone Charger (Fast),Accessories,2,7500,0,Transfer
NM-01104,2025-07-09,Port Harcourt,Port Harcourt - GRA,Segun Chukwu,Retail,P028,Peak Milk Tin (24),Groceries,5,16500,0,Transfer
NM-01105,2025-07-09,Lagos,Lagos - Ikeja,Chioma Onyeka,Wholesale,P029,Semovita 10kg,Groceries,40,11800,15,Transfer
NM-01106,2025-07-09,Abuja,Abuja - Garki,Bola Okafor,Retail,P016,Thermocool Freezer 200L,Appliances,3,318000,5,Transfer
NM-01107,2025-07-09,Lagos,Lagos - Lekki,Uche Uzor,Retail,P034,Sneakers (Unisex),Fashion,7,26000,0,Transfer
NM-01108,2025-07-09,Lagos,Lagos - Surulere,Dayo Suleiman,Retail,P002,Infinix Hot 40,Phones,3,162000,5,Cash
NM-01109,2025-07-09,Lagos,Lagos - Ikeja,Ngozi Olawale,Retail,P027,Milo 1kg Refill,Groceries,6,9200,0,POS
NM-01110,2025-07-09,Lagos,Lagos - Ikeja,Ngozi Olawale,Wholesale,P040,HP Ink Cartridge 305,Office,24,14500,10,Card
NM-01111,2025-07-09,Lagos,Lagos - Lekki,Ifeanyi Adebayo,Wholesale,P024,Rice 50kg (Local),Groceries,40,78000,10,Transfer
NM-01112,2025-07-09,Lagos,Lagos - Surulere,Kelechi Garba,Retail,P005,Oraimo Power Bank 20000mAh,Accessories,2,21000,0,POS
NM-01113,2025-07-10,Ibadan,Ibadan - Bodija,Bisi Olawale,Online,P005,Oraimo Power Bank 20000mAh,Accessories,7,21000,5,Transfer
NM-01114,2025-07-10,Abuja,Abuja - Garki,Femi Suleiman,Retail,P034,Sneakers (Unisex),Fashion,9,26000,5,Cash
NM-01115,2025-07-10,Lagos,Lagos - Ikeja,Ngozi Olawale,Retail,P019,"Standing Fan 18""",Appliances,1,38500,0,POS
NM-01116,2025-07-10,Lagos,Lagos - Lekki,Uche Uzor,Wholesale,P008,HP 250 G9 Laptop,Computers,15,585000,15,Cash
NM-01117,2025-07-10,Lagos,Lagos - Ikeja,Tolu Eze,Online,P025,Vegetable Oil 5L,Groceries,2,17500,0,Transfer
NM-01118,2025-07-10,Lagos,Lagos - Lekki,Ifeanyi Adebayo,Retail,P005,Oraimo Power Bank 20000mAh,Accessories,10,21000,0,Transfer
NM-01119,2025-07-10,Kano,Kano - Sabon Gari,Maryam Chukwu,Retail,P012,"LG 43"" Smart TV",TV & Audio,3,349000,0,Card
NM-01120,2025-07-10,Lagos,Lagos - Ikeja,Chioma Onyeka,Retail,P002,Infinix Hot 40,Phones,2,162000,0,POS
NM-01121,2025-07-10,Lagos,Lagos - Lekki,Uche Uzor,Retail,P037,Study Desk,Furniture,11,64000,10,Transfer
NM-01122,2025-07-10,Lagos,Lagos - Ikeja,Ngozi Olawale,Online,P039,Printer Paper A4 (Box),Office,6,24500,5,Transfer
NM-01123,2025-07-11,Abuja,Abuja - Wuse,Chidi Uzor,Retail,P026,Indomie Carton (40),Groceries,10,13500,5,POS
NM-01124,2025-07-11,Lagos,Lagos - Lekki,Uche Musa,Online,P033,Women's Ankara Dress,Fashion,2,31000,0,Transfer
NM-01125,2025-07-11,Lagos,Lagos - Lekki,Uche Uzor,Online,P023,Surge Protector,Power,2,12500,10,Transfer
NM-01126,2025-07-11,Lagos,Lagos - Ikeja,Ngozi Olawale,Online,P019,"Standing Fan 18""",Appliances,9,38500,0,Transfer
NM-01127,2025-07-11,Abuja,Abuja - Garki,Bola Okafor,Retail,P038,Mattress 6x6,Furniture,3,178000,5,Cash
NM-01128,2025-07-11,Enugu,Enugu - Independence Layout,Emeka Garba,Retail,P028,Peak Milk Tin (24),Groceries,8,16500,5,Transfer
NM-01129,2025-07-12,Kano,Kano - Sabon Gari,Hauwa Danjuma,Retail,P001,Tecno Spark 20,Phones,2,145000,0,Transfer
NM-01130,2025-07-12,Abuja,Abuja - Wuse,Tunde Eze,Online,P006,Oraimo FreePods 4,Accessories,12,25500,0,Card
NM-01131,2025-07-12,Abuja,Abuja - Wuse,Tunde Eze,Retail,P033,Women's Ankara Dress,Fashion,6,31000,0,Card
NM-01132,2025-07-12,Lagos,Lagos - Ikeja,Chioma Onyeka,Retail,P023,Surge Protector,Power,1,12500,0,POS
NM-01133,2025-07-13,Lagos,Lagos - Ikeja,Ngozi Olawale,Wholesale,P015,Sound Bar 2.1,TV & Audio,40,95000,10,Cash
NM-01134,2025-07-13,Abuja,Abuja - Wuse,Chidi Uzor,Retail,P006,Oraimo FreePods 4,Accessories,8,25500,0,Transfer
NM-01135,2025-07-13,Lagos,Lagos - Surulere,Dayo Suleiman,Retail,P039,Printer Paper A4 (Box),Office,9,24500,5,Cash
NM-01136,2025-07-14,Lagos,Lagos - Lekki,Uche Musa,Online,P035,School Bag,Fashion,3,12500,10,Transfer
NM-01137,2025-07-14,Lagos,Lagos - Lekki,Uche Uzor,Retail,P027,Milo 1kg Refill,Groceries,11,9200,5,Transfer
NM-01138,2025-07-14,Ibadan,Ibadan - Bodija,Bisi Olawale,Wholesale,P030,Sugar 1kg (x10),Groceries,12,15000,10,Transfer
NM-01139,2025-07-14,Lagos,Lagos - Ikeja,Tolu Eze,Online,P027,Milo 1kg Refill,Groceries,1,9200,0,Transfer
NM-01140,2025-07-14,Lagos,Lagos - Lekki,Uche Uzor,Retail,P028,Peak Milk Tin (24),Groceries,5,16500,10,Cash
NM-01141,2025-07-14,Port Harcourt,Port Harcourt - GRA,Nneka Olawale,Retail,P003,Samsung Galaxy A15,Phones,1,205000,0,Transfer
NM-01142,2025-07-14,Lagos,Lagos - Ikeja,Tolu Eze,Retail,P005,Oraimo Power Bank 20000mAh,Accessories,6,21000,0,Cash
NM-01143,2025-07-14,Enugu,Enugu - Independence Layout,Zainab Obi,Retail,P024,Rice 50kg (Local),Groceries,8,78000,0,Cash
NM-01144,2025-07-15,Lagos,Lagos - Lekki,Uche Musa,Wholesale,P031,Ankara Fabric (6 yards),Fashion,5,18500,10,POS
NM-01145,2025-07-15,Ibadan,Ibadan - Bodija,Tolu Bello,Wholesale,P027,Milo 1kg Refill,Groceries,80,9200,15,Transfer
NM-01146,2025-07-15,Enugu,Enugu - Independence Layout,Zainab Obi,Wholesale,P007,Phone Charger (Fast),Accessories,9,7500,15,POS
NM-01147,2025-07-16,Lagos,Lagos - Ikeja,Chioma Onyeka,Online,P031,Ankara Fabric (6 yards),Fashion,2,18500,10,Transfer
NM-01148,2025-07-16,Abuja,Abuja - Garki,Zainab Eze,Retail,P002,Infinix Hot 40,Phones,3,162000,0,Transfer
NM-01149,2025-07-16,Abuja,Abuja - Garki,Zainab Eze,Retail,P040,HP Ink Cartridge 305,Office,3,14500,5,Cash
NM-01150,2025-07-17,Abuja,Abuja - Garki,Bola Okafor,Retail,P028,Peak Milk Tin (24),Groceries,12,16500,0,POS
NM-01151,2025-07-17,Lagos,Lagos - Surulere,Adaeze Garba,Online,P024,Rice 50kg (Local),Groceries,2,78000,10,Transfer
NM-01152,2025-07-17,Port Harcourt,Port Harcourt - GRA,Segun Chukwu,Online,P037,Study Desk,Furniture,3,64000,0,Card
NM-01153,2025-07-17,Lagos,Lagos - Ikeja,Ngozi Olawale,Retail,P027,Milo 1kg Refill,Groceries,3,9200,0,Transfer
NM-01154,2025-07-17,Lagos,Lagos - Surulere,Adaeze Garba,Wholesale,P024,Rice 50kg (Local),Groceries,16,78000,15,Cash
NM-01155,2025-07-17,Ibadan,Ibadan - Bodija,Tunde Adebayo,Online,P023,Surge Protector,Power,8,12500,0,POS
NM-01156,2025-07-18,Abuja,Abuja - Garki,Femi Suleiman,Retail,P003,Samsung Galaxy A15,Phones,1,205000,0,Transfer
NM-01157,2025-07-18,Lagos,Lagos - Ikeja,Ngozi Olawale,Retail,P032,Men's Senator Wear,Fashion,1,35000,10,POS
NM-01158,2025-07-18,Port Harcourt,Port Harcourt - GRA,Ibrahim Danjuma,Wholesale,P026,Indomie Carton (40),Groceries,40,13500,15,POS
NM-01159,2025-07-18,Port Harcourt,Port Harcourt - GRA,Ibrahim Danjuma,Retail,P005,Oraimo Power Bank 20000mAh,Accessories,1,21000,0,Cash
NM-01160,2025-07-18,Ibadan,Ibadan - Bodija,Tolu Bello,Retail,P034,Sneakers (Unisex),Fashion,11,26000,10,Cash
NM-01161,2025-07-18,Port Harcourt,Port Harcourt - GRA,Ibrahim Danjuma,Retail,P025,Vegetable Oil 5L,Groceries,12,17500,0,Card
NM-01162,2025-07-18,Enugu,Enugu - Independence Layout,Emeka Garba,Retail,P005,Oraimo Power Bank 20000mAh,Accessories,4,21000,0,Cash
NM-01163,2025-07-18,Lagos,Lagos - Surulere,Adaeze Garba,Retail,P019,"Standing Fan 18""",Appliances,5,38500,0,Cash
NM-01164,2025-07-19,Abuja,Abuja - Garki,Zainab Eze,Retail,P033,Women's Ankara Dress,Fashion,11,31000,0,POS
NM-01165,2025-07-19,Abuja,Abuja - Garki,Femi Suleiman,Retail,P011,Wireless Mouse,Accessories,12,9500,0,Cash
NM-01166,2025-07-19,Port Harcourt,Port Harcourt - GRA,Nneka Olawale,Online,P033,Women's Ankara Dress,Fashion,7,31000,0,POS
NM-01167,2025-07-19,Lagos,Lagos - Ikeja,Ngozi Olawale,Retail,P037,Study Desk,Furniture,2,64000,0,POS
NM-01168,2025-07-19,Lagos,Lagos - Ikeja,Ngozi Olawale,Online,P001,Tecno Spark 20,Phones,3,145000,5,Transfer
NM-01169,2025-07-19,Abuja,Abuja - Wuse,Bola Musa,Online,P007,Phone Charger (Fast),Accessories,12,7500,5,Transfer
NM-01170,2025-07-20,Abuja,Abuja - Wuse,Tunde Eze,Retail,P001,Tecno Spark 20,Phones,2,145000,5,Cash
NM-01171,2025-07-20,Lagos,Lagos - Ikeja,Chioma Onyeka,Online,P013,"Hisense 55"" 4K TV",TV & Audio,2,499000,5,Transfer
NM-01172,2025-07-20,Port Harcourt,Port Harcourt - GRA,Nneka Olawale,Retail,P039,Printer Paper A4 (Box),Office,11,24500,10,POS
NM-01173,2025-07-20,Lagos,Lagos - Lekki,Uche Musa,Retail,P030,Sugar 1kg (x10),Groceries,1,15000,10,Transfer
NM-01174,2025-07-20,Abuja,Abuja - Garki,Bola Okafor,Retail,P031,Ankara Fabric (6 yards),Fashion,1,18500,5,Transfer
NM-01175,2025-07-21,Lagos,Lagos - Ikeja,Chioma Onyeka,Online,P001,Tecno Spark 20,Phones,2,145000,0,POS
NM-01176,2025-07-21,Port Harcourt,Port Harcourt - GRA,Segun Chukwu,Retail,P020,Microwave Oven 20L,Appliances,4,86000,0,POS
NM-01177,2025-07-21,Kano,Kano - Sabon Gari,Bisi Onyeka,Retail,P029,Semovita 10kg,Groceries,12,11800,0,Transfer
NM-01178,2025-07-21,Abuja,Abuja - Garki,Femi Suleiman,Retail,P027,Milo 1kg Refill,Groceries,12,9200,0,POS
NM-01179,2025-07-21,Ibadan,Ibadan - Bodija,Bisi Olawale,Retail,P024,Rice 50kg (Local),Groceries,1,78000,0,POS
NM-01180,2025-07-22,Lagos,Lagos - Ikeja,Tolu Eze,Retail,P001,Tecno Spark 20,Phones,3,145000,0,Transfer
NM-01181,2025-07-22,Lagos,Lagos - Ikeja,Tolu Eze,Retail,P007,Phone Charger (Fast),Accessories,5,7500,0,POS
NM-01182,2025-07-22,Lagos,Lagos - Ikeja,Ngozi Olawale,Retail,P023,Surge Protector,Power,1,12500,10,POS
NM-01183,2025-07-22,Lagos,Lagos - Lekki,Uche Uzor,Wholesale,P006,Oraimo FreePods 4,Accessories,32,25500,10,Cash
NM-01184,2025-07-22,Kano,Kano - Sabon Gari,Bisi Onyeka,Retail,P028,Peak Milk Tin (24),Groceries,10,16500,10,Cash
NM-01185,2025-07-22,Kano,Kano - Sabon Gari,Maryam Chukwu,Wholesale,P026,Indomie Carton (40),Groceries,32,13500,15,Transfer
NM-01186,2025-07-22,Lagos,Lagos - Lekki,Uche Musa,Retail,P007,Phone Charger (Fast),Accessories,11,7500,0,Transfer
NM-01187,2025-07-22,Enugu,Enugu - Independence Layout,Zainab Obi,Retail,P003,Samsung Galaxy A15,Phones,3,205000,0,Cash
NM-01188,2025-07-23,Lagos,Lagos - Lekki,Uche Musa,Retail,P023,Surge Protector,Power,7,12500,0,POS
NM-01189,2025-07-23,Lagos,Lagos - Surulere,Dayo Suleiman,Online,P014,JBL Flip 6 Speaker,TV & Audio,3,129000,0,Transfer
NM-01190,2025-07-23,Abuja,Abuja - Garki,Zainab Eze,Retail,P030,Sugar 1kg (x10),Groceries,6,15000,0,POS
NM-01191,2025-07-24,Kano,Kano - Sabon Gari,Maryam Chukwu,Online,P005,Oraimo Power Bank 20000mAh,Accessories,10,21000,0,Transfer
NM-01192,2025-07-24,Port Harcourt,Port Harcourt - GRA,Ibrahim Danjuma,Wholesale,P026,Indomie Carton (40),Groceries,45,13500,10,Transfer
NM-01193,2025-07-24,Lagos,Lagos - Lekki,Uche Musa,Online,P022,Inverter Battery 200Ah,Power,2,355000,0,POS
NM-01194,2025-07-24,Port Harcourt,Port Harcourt - GRA,Segun Chukwu,Online,P003,Samsung Galaxy A15,Phones,3,205000,5,Transfer
NM-01195,2025-07-24,Abuja,Abuja - Garki,Zainab Eze,Retail,P035,School Bag,Fashion,8,12500,5,Transfer
NM-01196,2025-07-24,Port Harcourt,Port Harcourt - GRA,Segun Chukwu,Wholesale,P024,Rice 50kg (Local),Groceries,63,78000,15,Transfer
NM-01197,2025-07-24,Lagos,Lagos - Surulere,Kelechi Garba,Wholesale,P039,Printer Paper A4 (Box),Office,7,24500,15,Transfer
NM-01198,2025-07-24,Lagos,Lagos - Ikeja,Chioma Onyeka,Retail,P028,Peak Milk Tin (24),Groceries,9,16500,0,Cash
NM-01199,2025-07-24,Abuja,Abuja - Wuse,Tunde Eze,Online,P026,Indomie Carton (40),Groceries,6,13500,0,Card
NM-01200,2025-07-24,Lagos,Lagos - Lekki,Uche Uzor,Retail,P029,Semovita 10kg,Groceries,6,11800,5,Transfer
NM-01201,2025-07-24,Ibadan,Ibadan - Bodija,Tunde Adebayo,Retail,P032,Men's Senator Wear,Fashion,2,35000,5,Cash
NM-01202,2025-07-25,Lagos,Lagos - Lekki,Uche Musa,Retail,P017,Binatone Blender,Appliances,4,29500,0,Transfer
NM-01203,2025-07-25,Port Harcourt,Port Harcourt - GRA,Ibrahim Danjuma,Retail,P039,Printer Paper A4 (Box),Office,11,24500,10,Cash
NM-01204,2025-07-25,Enugu,Enugu - Independence Layout,Emeka Garba,Retail,P024,Rice 50kg (Local),Groceries,7,78000,15,Cash
NM-01205,2025-07-25,Lagos,Lagos - Ikeja,Ngozi Olawale,Wholesale,P040,HP Ink Cartridge 305,Office,10,14500,15,Cash
NM-01206,2025-07-25,Lagos,Lagos - Ikeja,Tolu Eze,Online,P029,Semovita 10kg,Groceries,7,11800,5,Transfer
NM-01207,2025-07-26,Ibadan,Ibadan - Bodija,Bisi Olawale,Retail,P032,Men's Senator Wear,Fashion,1,35000,5,Transfer
NM-01208,2025-07-26,Abuja,Abuja - Wuse,Chidi Uzor,Online,P007,Phone Charger (Fast),Accessories,12,7500,0,Transfer
NM-01209,2025-07-26,Abuja,Abuja - Garki,Femi Suleiman,Online,P011,Wireless Mouse,Accessories,8,9500,0,Transfer
NM-01210,2025-07-26,Lagos,Lagos - Surulere,Dayo Suleiman,Wholesale,P007,Phone Charger (Fast),Accessories,84,7500,10,Transfer
NM-01211,2025-07-27,Abuja,Abuja - Garki,Zainab Eze,Retail,P029,Semovita 10kg,Groceries,1,11800,5,POS
NM-01212,2025-07-27,Enugu,Enugu - Independence Layout,Dayo Abubakar,Retail,P002,Infinix Hot 40,Phones,3,162000,5,POS
NM-01213,2025-07-28,Lagos,Lagos - Ikeja,Ngozi Olawale,Wholesale,P040,HP Ink Cartridge 305,Office,24,14500,15,POS
NM-01214,2025-07-28,Lagos,Lagos - Ikeja,Chioma Onyeka,Retail,P033,Women's Ankara Dress,Fashion,11,31000,0,POS
NM-01215,2025-07-28,Lagos,Lagos - Ikeja,Ngozi Olawale,Retail,P024,Rice 50kg (Local),Groceries,2,78000,0,Cash
NM-01216,2025-07-28,Port Harcourt,Port Harcourt - GRA,Nneka Olawale,Online,P031,Ankara Fabric (6 yards),Fashion,3,18500,0,Transfer
NM-01217,2025-07-28,Lagos,Lagos - Surulere,Adaeze Garba,Online,P023,Surge Protector,Power,2,12500,5,Transfer
NM-01218,2025-07-29,Abuja,Abuja - Garki,Zainab Eze,Retail,P033,Women's Ankara Dress,Fashion,12,31000,5,Transfer
NM-01219,2025-07-29,Port Harcourt,Port Harcourt - GRA,Ibrahim Danjuma,Retail,P038,Mattress 6x6,Furniture,3,178000,5,Transfer
NM-01220,2025-07-29,Abuja,Abuja - Wuse,Bola Musa,Online,P027,Milo 1kg Refill,Groceries,9,9200,10,Cash
NM-01221,2025-07-29,Lagos,Lagos - Lekki,Uche Musa,Retail,P030,Sugar 1kg (x10),Groceries,10,15000,0,POS
NM-01222,2025-07-29,Abuja,Abuja - Garki,Bola Okafor,Retail,P001,Tecno Spark 20,Phones,1,145000,0,Card
NM-01223,2025-07-29,Lagos,Lagos - Surulere,Kelechi Garba,Wholesale,P014,JBL Flip 6 Speaker,TV & Audio,4,129000,15,Transfer
NM-01224,2025-07-30,Port Harcourt,Port Harcourt - GRA,Ibrahim Danjuma,Online,P031,Ankara Fabric (6 yards),Fashion,11,18500,10,Transfer
NM-01225,2025-07-30,Kano,Kano - Sabon Gari,Hauwa Danjuma,Retail,P027,Milo 1kg Refill,Groceries,9,9200,10,Card
NM-01226,2025-07-30,Abuja,Abuja - Wuse,Bola Musa,Retail,P026,Indomie Carton (40),Groceries,2,13500,5,Transfer
NM-01227,2025-07-30,Lagos,Lagos - Ikeja,Tolu Eze,Wholesale,P023,Surge Protector,Power,24,12500,10,Transfer
NM-01228,2025-07-30,Ibadan,Ibadan - Bodija,Bisi Olawale,Online,P034,Sneakers (Unisex),Fashion,8,26000,0,Transfer
NM-01229,2025-07-30,Lagos,Lagos - Ikeja,Ngozi Olawale,Wholesale,P027,Milo 1kg Refill,Groceries,14,9200,10,Cash
NM-01230,2025-07-30,Lagos,Lagos - Lekki,Ifeanyi Adebayo,Wholesale,P025,Vegetable Oil 5L,Groceries,42,17500,10,Card
NM-01231,2025-07-30,Kano,Kano - Sabon Gari,Maryam Chukwu,Retail,P023,Surge Protector,Power,2,12500,10,POS
NM-01232,2025-07-31,Abuja,Abuja - Wuse,Chidi Uzor,Retail,P026,Indomie Carton (40),Groceries,5,13500,5,POS
NM-01233,2025-07-31,Abuja,Abuja - Wuse,Chidi Uzor,Retail,P007,Phone Charger (Fast),Accessories,5,7500,0,POS
NM-01234,2025-07-31,Abuja,Abuja - Wuse,Tunde Eze,Online,P006,Oraimo FreePods 4,Accessories,9,25500,5,Transfer
NM-01235,2025-07-31,Port Harcourt,Port Harcourt - GRA,Nneka Olawale,Retail,P005,Oraimo Power Bank 20000mAh,Accessories,7,21000,0,POS
NM-01236,2025-07-31,Enugu,Enugu - Independence Layout,Dayo Abubakar,Retail,P001,Tecno Spark 20,Phones,3,145000,0,Transfer
NM-01237,2025-07-31,Kano,Kano - Sabon Gari,Maryam Chukwu,Retail,P005,Oraimo Power Bank 20000mAh,Accessories,5,21000,5,Transfer
NM-01238,2025-08-01,Lagos,Lagos - Surulere,Adaeze Garba,Retail,P040,HP Ink Cartridge 305,Office,1,14500,5,POS
NM-01239,2025-08-01,Lagos,Lagos - Lekki,Ifeanyi Adebayo,Retail,P037,Study Desk,Furniture,7,64000,5,Transfer
NM-01240,2025-08-01,Lagos,Lagos - Lekki,Uche Uzor,Wholesale,P032,Men's Senator Wear,Fashion,32,35000,15,Cash
NM-01241,2025-08-01,Lagos,Lagos - Lekki,Ifeanyi Adebayo,Online,P024,Rice 50kg (Local),Groceries,4,78000,0,POS
NM-01242,2025-08-01,Abuja,Abuja - Wuse,Chidi Uzor,Online,P005,Oraimo Power Bank 20000mAh,Accessories,5,21000,0,Transfer
NM-01243,2025-08-01,Lagos,Lagos - Ikeja,Tolu Eze,Retail,P002,Infinix Hot 40,Phones,2,162000,0,Transfer
NM-01244,2025-08-01,Abuja,Abuja - Wuse,Tunde Eze,Retail,P007,Phone Charger (Fast),Accessories,5,7500,5,POS
NM-01245,2025-08-01,Lagos,Lagos - Surulere,Dayo Suleiman,Retail,P030,Sugar 1kg (x10),Groceries,3,15000,15,Cash
NM-01246,2025-08-01,Port Harcourt,Port Harcourt - GRA,Ibrahim Danjuma,Retail,P024,Rice 50kg (Local),Groceries,9,78000,0,Card
NM-01247,2025-08-02,Kano,Kano - Sabon Gari,Bisi Onyeka,Online,P016,Thermocool Freezer 200L,Appliances,1,318000,0,Transfer
NM-01248,2025-08-02,Lagos,Lagos - Ikeja,Tolu Eze,Retail,P028,Peak Milk Tin (24),Groceries,4,16500,5,Cash
NM-01249,2025-08-03,Lagos,Lagos - Lekki,Uche Musa,Retail,P021,Solar Generator 1kVA,Power,3,475000,0,POS
NM-01250,2025-08-03,Abuja,Abuja - Garki,Bola Okafor,Online,P005,Oraimo Power Bank 20000mAh,Accessories,1,21000,0,POS
NM-01251,2025-08-03,Port Harcourt,Port Harcourt - GRA,Nneka Olawale,Retail,P039,Printer Paper A4 (Box),Office,10,24500,0,Transfer
NM-01252,2025-08-03,Enugu,Enugu - Independence Layout,Dayo Abubakar,Wholesale,P005,Oraimo Power Bank 20000mAh,Accessories,16,21000,10,Cash
NM-01253,2025-08-04,Abuja,Abuja - Wuse,Tunde Eze,Wholesale,P007,Phone Charger (Fast),Accessories,54,7500,10,Transfer
NM-01254,2025-08-04,Lagos,Lagos - Surulere,Adaeze Garba,Wholesale,P034,Sneakers (Unisex),Fashion,30,26000,10,POS
NM-01255,2025-08-04,Abuja,Abuja - Garki,Femi Suleiman,Online,P021,Solar Generator 1kVA,Power,2,475000,10,Transfer
NM-01256,2025-08-04,Ibadan,Ibadan - Bodija,Tunde Adebayo,Online,P001,Tecno Spark 20,Phones,3,145000,5,Transfer
NM-01257,2025-08-04,Ibadan,Ibadan - Bodija,Tunde Adebayo,Retail,P006,Oraimo FreePods 4,Accessories,6,25500,0,Cash
NM-01258,2025-08-04,Lagos,Lagos - Ikeja,Chioma Onyeka,Online,P002,Infinix Hot 40,Phones,2,162000,5,Transfer
NM-01259,2025-08-04,Lagos,Lagos - Lekki,Uche Musa,Wholesale,P039,Printer Paper A4 (Box),Office,16,24500,15,POS
NM-01260,2025-08-04,Kano,Kano - Sabon Gari,Bisi Onyeka,Retail,P006,Oraimo FreePods 4,Accessories,9,25500,0,Cash
NM-01261,2025-08-04,Enugu,Enugu - Independence Layout,Emeka Garba,Online,P018,Scanfrost Gas Cooker,Appliances,1,229000,0,Transfer
NM-01262,2025-08-04,Abuja,Abuja - Wuse,Chidi Uzor,Retail,P005,Oraimo Power Bank 20000mAh,Accessories,9,21000,10,Transfer
NM-01263,2025-08-04,Lagos,Lagos - Surulere,Dayo Suleiman,Retail,P016,Thermocool Freezer 200L,Appliances,2,318000,5,POS
NM-01264,2025-08-04,Abuja,Abuja - Wuse,Chidi Uzor,Retail,P015,Sound Bar 2.1,TV & Audio,9,95000,10,Transfer
NM-01265,2025-08-04,Abuja,Abuja - Garki,Zainab Eze,Retail,P030,Sugar 1kg (x10),Groceries,9,15000,0,Transfer
NM-01266,2025-08-05,Abuja,Abuja - Garki,Bola Okafor,Retail,P002,Infinix Hot 40,Phones,3,162000,0,Cash
NM-01267,2025-08-05,Lagos,Lagos - Ikeja,Chioma Onyeka,Retail,P016,Thermocool Freezer 200L,Appliances,2,318000,0,Cash
NM-01268,2025-08-05,Abuja,Abuja - Wuse,Bola Musa,Retail,P034,Sneakers (Unisex),Fashion,1,26000,0,Card
NM-01269,2025-08-05,Kano,Kano - Sabon Gari,Hauwa Danjuma,Retail,P025,Vegetable Oil 5L,Groceries,2,17500,0,Card
NM-01270,2025-08-06,Ibadan,Ibadan - Bodija,Tunde Adebayo,Retail,P029,Semovita 10kg,Groceries,1,11800,15,Transfer
NM-01271,2025-08-06,Enugu,Enugu - Independence Layout,Emeka Garba,Retail,P027,Milo 1kg Refill,Groceries,2,9200,0,Cash
NM-01272,2025-08-06,Abuja,Abuja - Wuse,Tunde Eze,Retail,P005,Oraimo Power Bank 20000mAh,Accessories,3,21000,0,Cash
NM-01273,2025-08-06,Lagos,Lagos - Surulere,Dayo Suleiman,Wholesale,P007,Phone Charger (Fast),Accessories,49,7500,15,Transfer
NM-01274,2025-08-06,Abuja,Abuja - Wuse,Tunde Eze,Retail,P040,HP Ink Cartridge 305,Office,6,14500,10,Transfer
NM-01275,2025-08-06,Abuja,Abuja - Wuse,Bola Musa,Retail,P002,Infinix Hot 40,Phones,3,162000,0,Transfer
NM-01276,2025-08-06,Lagos,Lagos - Ikeja,Chioma Onyeka,Retail,P006,Oraimo FreePods 4,Accessories,5,25500,0,POS
NM-01277,2025-08-07,Port Harcourt,Port Harcourt - GRA,Ibrahim Danjuma,Retail,P002,Infinix Hot 40,Phones,2,162000,0,POS
NM-01278,2025-08-07,Abuja,Abuja - Garki,Zainab Eze,Retail,P006,Oraimo FreePods 4,Accessories,10,25500,15,POS
NM-01279,2025-08-07,Kano,Kano - Sabon Gari,Bisi Onyeka,Wholesale,P014,JBL Flip 6 Speaker,TV & Audio,9,129000,10,Transfer
NM-01280,2025-08-07,Lagos,Lagos - Surulere,Kelechi Garba,Retail,P011,Wireless Mouse,Accessories,5,9500,0,POS
NM-01281,2025-08-07,Lagos,Lagos - Lekki,Uche Musa,Online,P001,Tecno Spark 20,Phones,3,145000,0,Cash
NM-01282,2025-08-07,Kano,Kano - Sabon Gari,Hauwa Danjuma,Wholesale,P033,Women's Ankara Dress,Fashion,27,31000,10,Cash
NM-01283,2025-08-07,Abuja,Abuja - Garki,Zainab Eze,Retail,P024,Rice 50kg (Local),Groceries,4,78000,5,Transfer
NM-01284,2025-08-08,Lagos,Lagos - Lekki,Uche Musa,Retail,P035,School Bag,Fashion,12,12500,5,Cash
NM-01285,2025-08-08,Kano,Kano - Sabon Gari,Maryam Chukwu,Retail,P017,Binatone Blender,Appliances,7,29500,0,Transfer
NM-01286,2025-08-08,Kano,Kano - Sabon Gari,Hauwa Danjuma,Retail,P035,School Bag,Fashion,7,12500,0,Cash
NM-01287,2025-08-08,Lagos,Lagos - Ikeja,Tolu Eze,Wholesale,P039,Printer Paper A4 (Box),Office,28,24500,10,Transfer
NM-01288,2025-08-08,Port Harcourt,Port Harcourt - GRA,Ibrahim Danjuma,Retail,P010,Dell Inspiron 15,Computers,1,649000,10,Transfer
NM-01289,2025-08-08,Ibadan,Ibadan - Bodija,Bisi Olawale,Retail,P011,Wireless Mouse,Accessories,11,9500,0,POS
NM-01290,2025-08-09,Port Harcourt,Port Harcourt - GRA,Ibrahim Danjuma,Wholesale,P037,Study Desk,Furniture,35,64000,10,Cash
NM-01291,2025-08-09,Lagos,Lagos - Lekki,Ifeanyi Adebayo,Retail,P019,"Standing Fan 18""",Appliances,1,38500,0,Transfer
NM-01292,2025-08-09,Lagos,Lagos - Lekki,Uche Uzor,Retail,P027,Milo 1kg Refill,Groceries,7,9200,0,POS
NM-01293,2025-08-09,Lagos,Lagos - Lekki,Uche Musa,Online,P037,Study Desk,Furniture,6,64000,0,Transfer
NM-01294,2025-08-09,Lagos,Lagos - Ikeja,Ngozi Olawale,Retail,P021,Solar Generator 1kVA,Power,3,475000,0,POS
NM-01295,2025-08-09,Enugu,Enugu - Independence Layout,Zainab Obi,Online,P040,HP Ink Cartridge 305,Office,4,14500,10,Transfer
NM-01296,2025-08-09,Enugu,Enugu - Independence Layout,Dayo Abubakar,Retail,P005,Oraimo Power Bank 20000mAh,Accessories,12,21000,0,Cash
NM-01297,2025-08-09,Lagos,Lagos - Surulere,Kelechi Garba,Retail,P027,Milo 1kg Refill,Groceries,9,9200,0,POS
NM-01298,2025-08-09,Lagos,Lagos - Lekki,Ifeanyi Adebayo,Retail,P040,HP Ink Cartridge 305,Office,6,14500,0,Transfer
NM-01299,2025-08-10,Ibadan,Ibadan - Bodija,Bisi Olawale,Retail,P006,Oraimo FreePods 4,Accessories,12,25500,10,POS
NM-01300,2025-08-10,Lagos,Lagos - Ikeja,Tolu Eze,Retail,P007,Phone Charger (Fast),Accessories,5,7500,0,POS
NM-01301,2025-08-10,Lagos,Lagos - Lekki,Uche Musa,Retail,P037,Study Desk,Furniture,12,64000,0,POS
NM-01302,2025-08-10,Lagos,Lagos - Ikeja,Ngozi Olawale,Online,P007,Phone Charger (Fast),Accessories,4,7500,0,Transfer
NM-01303,2025-08-10,Enugu,Enugu - Independence Layout,Dayo Abubakar,Retail,P030,Sugar 1kg (x10),Groceries,10,15000,0,POS
NM-01304,2025-08-10,Ibadan,Ibadan - Bodija,Tunde Adebayo,Wholesale,P027,Milo 1kg Refill,Groceries,66,9200,15,Transfer
NM-01305,2025-08-10,Lagos,Lagos - Lekki,Uche Uzor,Wholesale,P017,Binatone Blender,Appliances,15,29500,10,Transfer
NM-01306,2025-08-11,Enugu,Enugu - Independence Layout,Emeka Garba,Wholesale,P017,Binatone Blender,Appliances,15,29500,15,Card
NM-01307,2025-08-11,Ibadan,Ibadan - Bodija,Tunde Adebayo,Retail,P007,Phone Charger (Fast),Accessories,11,7500,0,Transfer
NM-01308,2025-08-11,Abuja,Abuja - Wuse,Bola Musa,Retail,P005,Oraimo Power Bank 20000mAh,Accessories,12,21000,0,Cash
NM-01309,2025-08-11,Lagos,Lagos - Surulere,Kelechi Garba,Retail,P002,Infinix Hot 40,Phones,1,162000,0,POS
NM-01310,2025-08-11,Enugu,Enugu - Independence Layout,Dayo Abubakar,Retail,P030,Sugar 1kg (x10),Groceries,6,15000,5,Transfer
NM-01311,2025-08-11,Abuja,Abuja - Garki,Femi Suleiman,Retail,P016,Thermocool Freezer 200L,Appliances,2,318000,0,Transfer
NM-01312,2025-08-12,Lagos,Lagos - Surulere,Adaeze Garba,Online,P027,Milo 1kg Refill,Groceries,10,9200,10,Cash
NM-01313,2025-08-12,Port Harcourt,Port Harcourt - GRA,Segun Chukwu,Retail,P035,School Bag,Fashion,4,12500,0,Cash
NM-01314,2025-08-12,Abuja,Abuja - Wuse,Tunde Eze,Retail,P025,Vegetable Oil 5L,Groceries,4,17500,5,Card
NM-01315,2025-08-12,Port Harcourt,Port Harcourt - GRA,Ibrahim Danjuma,Wholesale,P028,Peak Milk Tin (24),Groceries,96,16500,10,Transfer
NM-01316,2025-08-12,Enugu,Enugu - Independence Layout,Dayo Abubakar,Retail,P037,Study Desk,Furniture,1,64000,10,POS
NM-01317,2025-08-13,Lagos,Lagos - Lekki,Uche Uzor,Retail,P011,Wireless Mouse,Accessories,9,9500,0,Transfer
NM-01318,2025-08-13,Abuja,Abuja - Wuse,Bola Musa,Retail,P028,Peak Milk Tin (24),Groceries,7,16500,5,Transfer
NM-01319,2025-08-13,Enugu,Enugu - Independence Layout,Dayo Abubakar,Retail,P007,Phone Charger (Fast),Accessories,9,7500,10,POS
NM-01320,2025-08-13,Port Harcourt,Port Harcourt - GRA,Segun Chukwu,Retail,P030,Sugar 1kg (x10),Groceries,5,15000,10,POS
NM-01321,2025-08-13,Lagos,Lagos - Surulere,Dayo Suleiman,Retail,P040,HP Ink Cartridge 305,Office,4,14500,10,POS
NM-01322,2025-08-13,Lagos,Lagos - Lekki,Ifeanyi Adebayo,Online,P023,Surge Protector,Power,6,12500,0,Transfer
NM-01323,2025-08-13,Lagos,Lagos - Ikeja,Ngozi Olawale,Retail,P034,Sneakers (Unisex),Fashion,1,26000,0,Transfer
NM-01324,2025-08-13,Ibadan,Ibadan - Bodija,Tolu Bello,Wholesale,P039,Printer Paper A4 (Box),Office,24,24500,10,POS
NM-01325,2025-08-14,Lagos,Lagos - Ikeja,Chioma Onyeka,Online,P026,Indomie Carton (40),Groceries,4,13500,0,Transfer
NM-01326,2025-08-14,Lagos,Lagos - Ikeja,Ngozi Olawale,Retail,P034,Sneakers (Unisex),Fashion,1,26000,0,Card
NM-01327,2025-08-14,Abuja,Abuja - Wuse,Tunde Eze,Wholesale,P026,Indomie Carton (40),Groceries,36,13500,10,Transfer
NM-01328,2025-08-14,Enugu,Enugu - Independence Layout,Dayo Abubakar,Retail,P011,Wireless Mouse,Accessories,6,9500,5,Cash
NM-01329,2025-08-14,Ibadan,Ibadan - Bodija,Tunde Adebayo,Wholesale,P029,Semovita 10kg,Groceries,12,11800,10,Cash
NM-01330,2025-08-14,Lagos,Lagos - Ikeja,Ngozi Olawale,Retail,P023,Surge Protector,Power,10,12500,5,Card
NM-01331,2025-08-14,Lagos,Lagos - Ikeja,Tolu Eze,Retail,P036,Office Chair,Furniture,11,79000,0,Cash
NM-01332,2025-08-14,Lagos,Lagos - Lekki,Uche Musa,Retail,P025,Vegetable Oil 5L,Groceries,4,17500,0,Cash
NM-01333,2025-08-15,Lagos,Lagos - Ikeja,Chioma Onyeka,Retail,P030,Sugar 1kg (x10),Groceries,4,15000,0,POS
NM-01334,2025-08-15,Abuja,Abuja - Wuse,Tunde Eze,Retail,P023,Surge Protector,Power,6,12500,0,Transfer
NM-01335,2025-08-15,Lagos,Lagos - Lekki,Uche Musa,Retail,P040,HP Ink Cartridge 305,Office,12,14500,5,Transfer
NM-01336,2025-08-15,Lagos,Lagos - Lekki,Uche Musa,Retail,P019,"Standing Fan 18""",Appliances,7,38500,15,Transfer
NM-01337,2025-08-15,Kano,Kano - Sabon Gari,Bisi Onyeka,Retail,P023,Surge Protector,Power,5,12500,0,Cash
NM-01338,2025-08-15,Lagos,Lagos - Surulere,Adaeze Garba,Wholesale,P012,"LG 43"" Smart TV",TV & Audio,14,349000,10,Card
NM-01339,2025-08-15,Enugu,Enugu - Independence Layout,Dayo Abubakar,Online,P026,Indomie Carton (40),Groceries,10,13500,5,Transfer
NM-01340,2025-08-15,Lagos,Lagos - Ikeja,Ngozi Olawale,Retail,P032,Men's Senator Wear,Fashion,11,35000,0,Card
NM-01341,2025-08-15,Port Harcourt,Port Harcourt - GRA,Ibrahim Danjuma,Retail,P023,Surge Protector,Power,3,12500,0,Cash
NM-01342,2025-08-16,Lagos,Lagos - Ikeja,Ngozi Olawale,Retail,P026,Indomie Carton (40),Groceries,5,13500,5,Card
NM-01343,2025-08-16,Abuja,Abuja - Garki,Bola Okafor,Retail,P033,Women's Ankara Dress,Fashion,8,31000,0,Cash
NM-01344,2025-08-16,Lagos,Lagos - Lekki,Uche Musa,Retail,P032,Men's Senator Wear,Fashion,9,35000,10,Cash
NM-01345,2025-08-16,Lagos,Lagos - Surulere,Dayo Suleiman,Retail,P028,Peak Milk Tin (24),Groceries,10,16500,0,Transfer
NM-01346,2025-08-16,Port Harcourt,Port Harcourt - GRA,Segun Chukwu,Wholesale,P003,Samsung Galaxy A15,Phones,15,205000,10,Transfer
NM-01347,2025-08-16,Port Harcourt,Port Harcourt - GRA,Segun Chukwu,Wholesale,P033,Women's Ankara Dress,Fashion,30,31000,10,Card
NM-01348,2025-08-17,Enugu,Enugu - Independence Layout,Dayo Abubakar,Online,P025,Vegetable Oil 5L,Groceries,10,17500,0,Transfer
NM-01349,2025-08-17,Lagos,Lagos - Lekki,Uche Uzor,Retail,P031,Ankara Fabric (6 yards),Fashion,7,18500,5,Transfer
NM-01350,2025-08-17,Lagos,Lagos - Ikeja,Chioma Onyeka,Retail,P027,Milo 1kg Refill,Groceries,6,9200,0,POS
NM-01351,2025-08-17,Port Harcourt,Port Harcourt - GRA,Segun Chukwu,Online,P028,Peak Milk Tin (24),Groceries,10,16500,0,Transfer
NM-01352,2025-08-17,Kano,Kano - Sabon Gari,Hauwa Danjuma,Wholesale,P017,Binatone Blender,Appliances,24,29500,10,POS
NM-01353,2025-08-18,Kano,Kano - Sabon Gari,Hauwa Danjuma,Retail,P023,Surge Protector,Power,2,12500,0,POS
NM-01354,2025-08-18,Lagos,Lagos - Surulere,Adaeze Garba,Retail,P027,Milo 1kg Refill,Groceries,8,9200,5,Transfer
NM-01355,2025-08-18,Abuja,Abuja - Wuse,Tunde Eze,Online,P030,Sugar 1kg (x10),Groceries,12,15000,0,Transfer
NM-01356,2025-08-18,Abuja,Abuja - Wuse,Tunde Eze,Retail,P026,Indomie Carton (40),Groceries,9,13500,0,Transfer
NM-01357,2025-08-18,Lagos,Lagos - Lekki,Ifeanyi Adebayo,Retail,P026,Indomie Carton (40),Groceries,7,13500,5,Transfer
NM-01358,2025-08-18,Abuja,Abuja - Wuse,Bola Musa,Online,P006,Oraimo FreePods 4,Accessories,8,25500,0,Cash
NM-01359,2025-08-18,Ibadan,Ibadan - Bodija,Tolu Bello,Online,P005,Oraimo Power Bank 20000mAh,Accessories,10,21000,5,Transfer
NM-01360,2025-08-19,Lagos,Lagos - Surulere,Kelechi Garba,Online,P012,"LG 43"" Smart TV",TV & Audio,2,349000,0,Transfer
NM-01361,2025-08-19,Lagos,Lagos - Lekki,Ifeanyi Adebayo,Retail,P028,Peak Milk Tin (24),Groceries,6,16500,0,POS
NM-01362,2025-08-19,Lagos,Lagos - Surulere,Dayo Suleiman,Wholesale,P027,Milo 1kg Refill,Groceries,12,9200,15,Cash
NM-01363,2025-08-19,Abuja,Abuja - Wuse,Tunde Eze,Retail,P001,Tecno Spark 20,Phones,3,145000,0,Transfer
NM-01364,2025-08-19,Lagos,Lagos - Ikeja,Tolu Eze,Retail,P005,Oraimo Power Bank 20000mAh,Accessories,1,21000,10,Cash
NM-01365,2025-08-19,Abuja,Abuja - Garki,Femi Suleiman,Online,P023,Surge Protector,Power,7,12500,0,Transfer
NM-01366,2025-08-19,Kano,Kano - Sabon Gari,Bisi Onyeka,Wholesale,P028,Peak Milk Tin (24),Groceries,12,16500,10,Cash
NM-01367,2025-08-19,Abuja,Abuja - Wuse,Chidi Uzor,Retail,P033,Women's Ankara Dress,Fashion,1,31000,0,Transfer
NM-01368,2025-08-19,Ibadan,Ibadan - Bodija,Tolu Bello,Wholesale,P001,Tecno Spark 20,Phones,8,145000,10,Card
NM-01369,2025-08-20,Port Harcourt,Port Harcourt - GRA,Segun Chukwu,Retail,P002,Infinix Hot 40,Phones,2,162000,0,Cash
NM-01370,2025-08-20,Lagos,Lagos - Lekki,Ifeanyi Adebayo,Retail,P040,HP Ink Cartridge 305,Office,8,14500,0,POS
NM-01371,2025-08-20,Enugu,Enugu - Independence Layout,Zainab Obi,Wholesale,P032,Men's Senator Wear,Fashion,44,35000,15,Transfer
NM-01372,2025-08-20,Lagos,Lagos - Surulere,Kelechi Garba,Retail,P002,Infinix Hot 40,Phones,1,162000,10,Card
NM-01373,2025-08-20,Ibadan,Ibadan - Bodija,Tolu Bello,Retail,P005,Oraimo Power Bank 20000mAh,Accessories,5,21000,0,POS
NM-01374,2025-08-21,Port Harcourt,Port Harcourt - GRA,Segun Chukwu,Retail,P020,Microwave Oven 20L,Appliances,6,86000,5,Transfer
NM-01375,2025-08-21,Kano,Kano - Sabon Gari,Hauwa Danjuma,Retail,P034,Sneakers (Unisex),Fashion,5,26000,10,Cash
NM-01376,2025-08-21,Lagos,Lagos - Lekki,Uche Musa,Retail,P007,Phone Charger (Fast),Accessories,9,7500,10,Transfer
NM-01377,2025-08-21,Port Harcourt,Port Harcourt - GRA,Ibrahim Danjuma,Retail,P026,Indomie Carton (40),Groceries,11,13500,0,Transfer
NM-01378,2025-08-21,Lagos,Lagos - Ikeja,Tolu Eze,Wholesale,P019,"Standing Fan 18""",Appliances,72,38500,10,Cash
NM-01379,2025-08-21,Abuja,Abuja - Garki,Femi Suleiman,Online,P024,Rice 50kg (Local),Groceries,3,78000,10,Transfer
NM-01380,2025-08-21,Lagos,Lagos - Surulere,Adaeze Garba,Retail,P015,Sound Bar 2.1,TV & Audio,1,95000,15,Cash
NM-01381,2025-08-21,Enugu,Enugu - Independence Layout,Dayo Abubakar,Retail,P006,Oraimo FreePods 4,Accessories,4,25500,5,Transfer
NM-01382,2025-08-21,Lagos,Lagos - Ikeja,Chioma Onyeka,Retail,P007,Phone Charger (Fast),Accessories,1,7500,5,Transfer
NM-01383,2025-08-21,Lagos,Lagos - Lekki,Ifeanyi Adebayo,Wholesale,P028,Peak Milk Tin (24),Groceries,48,16500,15,Card
NM-01384,2025-08-21,Lagos,Lagos - Ikeja,Chioma Onyeka,Retail,P005,Oraimo Power Bank 20000mAh,Accessories,9,21000,10,Cash
NM-01385,2025-08-22,Abuja,Abuja - Wuse,Bola Musa,Wholesale,P028,Peak Milk Tin (24),Groceries,8,16500,15,POS
NM-01386,2025-08-22,Lagos,Lagos - Ikeja,Chioma Onyeka,Retail,P030,Sugar 1kg (x10),Groceries,11,15000,5,Cash
NM-01387,2025-08-22,Abuja,Abuja - Garki,Bola Okafor,Retail,P024,Rice 50kg (Local),Groceries,7,78000,0,Card
NM-01388,2025-08-22,Lagos,Lagos - Surulere,Adaeze Garba,Retail,P017,Binatone Blender,Appliances,1,29500,10,POS
NM-01389,2025-08-22,Ibadan,Ibadan - Bodija,Tunde Adebayo,Retail,P034,Sneakers (Unisex),Fashion,2,26000,0,POS
NM-01390,2025-08-22,Abuja,Abuja - Wuse,Bola Musa,Retail,P017,Binatone Blender,Appliances,11,29500,0,Transfer
NM-01391,2025-08-22,Port Harcourt,Port Harcourt - GRA,Ibrahim Danjuma,Retail,P029,Semovita 10kg,Groceries,11,11800,0,Cash
NM-01392,2025-08-23,Abuja,Abuja - Wuse,Tunde Eze,Retail,P019,"Standing Fan 18""",Appliances,1,38500,5,POS
NM-01393,2025-08-23,Lagos,Lagos - Surulere,Adaeze Garba,Online,P020,Microwave Oven 20L,Appliances,12,86000,0,Transfer
NM-01394,2025-08-23,Lagos,Lagos - Surulere,Kelechi Garba,Retail,P030,Sugar 1kg (x10),Groceries,12,15000,5,Transfer
NM-01395,2025-08-23,Abuja,Abuja - Wuse,Bola Musa,Retail,P007,Phone Charger (Fast),Accessories,12,7500,0,Cash
NM-01396,2025-08-23,Abuja,Abuja - Wuse,Tunde Eze,Online,P031,Ankara Fabric (6 yards),Fashion,2,18500,10,POS
NM-01397,2025-08-23,Lagos,Lagos - Surulere,Dayo Suleiman,Wholesale,P005,Oraimo Power Bank 20000mAh,Accessories,21,21000,15,Cash
NM-01398,2025-08-23,Lagos,Lagos - Ikeja,Ngozi Olawale,Retail,P035,School Bag,Fashion,9,12500,0,Cash
NM-01399,2025-08-23,Lagos,Lagos - Ikeja,Ngozi Olawale,Retail,P007,Phone Charger (Fast),Accessories,11,7500,10,Transfer
NM-01400,2025-08-23,Port Harcourt,Port Harcourt - GRA,Ibrahim Danjuma,Online,P002,Infinix Hot 40,Phones,2,162000,0,Transfer
NM-01401,2025-08-23,Enugu,Enugu - Independence Layout,Zainab Obi,Retail,P013,"Hisense 55"" 4K TV",TV & Audio,1,499000,10,POS
NM-01402,2025-08-23,Lagos,Lagos - Lekki,Uche Musa,Retail,P028,Peak Milk Tin (24),Groceries,8,16500,10,Card
NM-01403,2025-08-24,Kano,Kano - Sabon Gari,Hauwa Danjuma,Retail,P017,Binatone Blender,Appliances,9,29500,0,POS
NM-01404,2025-08-24,Lagos,Lagos - Lekki,Ifeanyi Adebayo,Retail,P034,Sneakers (Unisex),Fashion,8,26000,0,Cash
NM-01405,2025-08-24,Abuja,Abuja - Wuse,Tunde Eze,Retail,P008,HP 250 G9 Laptop,Computers,2,585000,10,Cash
NM-01406,2025-08-24,Port Harcourt,Port Harcourt - GRA,Segun Chukwu,Online,P025,Vegetable Oil 5L,Groceries,10,17500,5,POS
NM-01407,2025-08-24,Abuja,Abuja - Garki,Femi Suleiman,Retail,P035,School Bag,Fashion,6,12500,0,Cash
NM-01408,2025-08-25,Enugu,Enugu - Independence Layout,Dayo Abubakar,Retail,P023,Surge Protector,Power,11,12500,10,Card
NM-01409,2025-08-25,Abuja,Abuja - Wuse,Chidi Uzor,Retail,P005,Oraimo Power Bank 20000mAh,Accessories,7,21000,10,POS
NM-01410,2025-08-25,Abuja,Abuja - Garki,Zainab Eze,Retail,P026,Indomie Carton (40),Groceries,4,13500,0,Transfer
NM-01411,2025-08-25,Enugu,Enugu - Independence Layout,Dayo Abubakar,Online,P025,Vegetable Oil 5L,Groceries,1,17500,0,Transfer
NM-01412,2025-08-25,Ibadan,Ibadan - Bodija,Tolu Bello,Online,P007,Phone Charger (Fast),Accessories,6,7500,5,Cash
NM-01413,2025-08-25,Ibadan,Ibadan - Bodija,Bisi Olawale,Retail,P029,Semovita 10kg,Groceries,12,11800,10,Cash
NM-01414,2025-08-25,Lagos,Lagos - Ikeja,Chioma Onyeka,Wholesale,P029,Semovita 10kg,Groceries,16,11800,15,Transfer
NM-01415,2025-08-26,Lagos,Lagos - Ikeja,Ngozi Olawale,Retail,P037,Study Desk,Furniture,5,64000,0,Transfer
NM-01416,2025-08-26,Lagos,Lagos - Ikeja,Ngozi Olawale,Retail,P032,Men's Senator Wear,Fashion,2,35000,10,Card
NM-01417,2025-08-26,Ibadan,Ibadan - Bodija,Tunde Adebayo,Online,P029,Semovita 10kg,Groceries,3,11800,0,POS
NM-01418,2025-08-26,Lagos,Lagos - Ikeja,Tolu Eze,Wholesale,P007,Phone Charger (Fast),Accessories,55,7500,10,Cash
NM-01419,2025-08-26,Lagos,Lagos - Ikeja,Tolu Eze,Retail,P031,Ankara Fabric (6 yards),Fashion,3,18500,5,Transfer
NM-01420,2025-08-26,Lagos,Lagos - Ikeja,Tolu Eze,Retail,P001,Tecno Spark 20,Phones,2,145000,10,POS
NM-01421,2025-08-26,Abuja,Abuja - Wuse,Bola Musa,Wholesale,P005,Oraimo Power Bank 20000mAh,Accessories,7,21000,10,Transfer
NM-01422,2025-08-26,Abuja,Abuja - Garki,Femi Suleiman,Retail,P005,Oraimo Power Bank 20000mAh,Accessories,4,21000,5,Cash
NM-01423,2025-08-26,Kano,Kano - Sabon Gari,Hauwa Danjuma,Retail,P028,Peak Milk Tin (24),Groceries,8,16500,10,POS
NM-01424,2025-08-26,Lagos,Lagos - Surulere,Kelechi Garba,Wholesale,P039,Printer Paper A4 (Box),Office,6,24500,10,Transfer
NM-01425,2025-08-26,Abuja,Abuja - Wuse,Tunde Eze,Online,P004,iPhone 13 (Refurbished),Phones,3,640000,10,Transfer
NM-01426,2025-08-27,Lagos,Lagos - Ikeja,Ngozi Olawale,Online,P001,Tecno Spark 20,Phones,1,145000,0,Card
NM-01427,2025-08-27,Kano,Kano - Sabon Gari,Maryam Chukwu,Retail,P014,JBL Flip 6 Speaker,TV & Audio,1,129000,0,Cash
NM-01428,2025-08-27,Kano,Kano - Sabon Gari,Bisi Onyeka,Retail,P007,Phone Charger (Fast),Accessories,10,7500,10,POS
NM-01429,2025-08-27,Ibadan,Ibadan - Bodija,Bisi Olawale,Retail,P027,Milo 1kg Refill,Groceries,2,9200,15,POS
NM-01430,2025-08-28,Ibadan,Ibadan - Bodija,Tunde Adebayo,Retail,P025,Vegetable Oil 5L,Groceries,3,17500,0,POS
NM-01431,2025-08-28,Enugu,Enugu - Independence Layout,Dayo Abubakar,Retail,P017,Binatone Blender,Appliances,12,29500,0,Card
NM-01432,2025-08-28,Lagos,Lagos - Lekki,Ifeanyi Adebayo,Online,P025,Vegetable Oil 5L,Groceries,12,17500,10,Transfer
NM-01433,2025-08-28,Lagos,Lagos - Lekki,Uche Musa,Online,P027,Milo 1kg Refill,Groceries,10,9200,10,Transfer
NM-01434,2025-08-28,Lagos,Lagos - Ikeja,Ngozi Olawale,Online,P037,Study Desk,Furniture,8,64000,0,Transfer
NM-01435,2025-08-28,Kano,Kano - Sabon Gari,Maryam Chukwu,Online,P013,"Hisense 55"" 4K TV",TV & Audio,1,499000,0,Card
NM-01436,2025-08-28,Lagos,Lagos - Lekki,Uche Uzor,Wholesale,P019,"Standing Fan 18""",Appliances,35,38500,15,Cash
NM-01437,2025-08-29,Abuja,Abuja - Wuse,Tunde Eze,Retail,P031,Ankara Fabric (6 yards),Fashion,6,18500,0,Cash
NM-01438,2025-08-29,Lagos,Lagos - Surulere,Kelechi Garba,Online,P027,Milo 1kg Refill,Groceries,10,9200,0,POS
NM-01439,2025-08-29,Ibadan,Ibadan - Bodija,Bisi Olawale,Online,P015,Sound Bar 2.1,TV & Audio,7,95000,10,Transfer
NM-01440,2025-08-30,Abuja,Abuja - Wuse,Bola Musa,Retail,P028,Peak Milk Tin (24),Groceries,9,16500,10,Cash
NM-01441,2025-08-30,Port Harcourt,Port Harcourt - GRA,Nneka Olawale,Retail,P019,"Standing Fan 18""",Appliances,8,38500,0,Card
NM-01442,2025-08-30,Abuja,Abuja - Garki,Femi Suleiman,Online,P023,Surge Protector,Power,5,12500,5,POS
NM-01443,2025-08-30,Abuja,Abuja - Garki,Zainab Eze,Retail,P030,Sugar 1kg (x10),Groceries,10,15000,0,POS
NM-01444,2025-08-31,Lagos,Lagos - Ikeja,Chioma Onyeka,Online,P026,Indomie Carton (40),Groceries,2,13500,0,Transfer
NM-01445,2025-08-31,Lagos,Lagos - Ikeja,Ngozi Olawale,Retail,P037,Study Desk,Furniture,12,64000,0,Transfer
NM-01446,2025-08-31,Port Harcourt,Port Harcourt - GRA,Nneka Olawale,Retail,P025,Vegetable Oil 5L,Groceries,5,17500,0,Transfer
NM-01447,2025-08-31,Enugu,Enugu - Independence Layout,Emeka Garba,Online,P023,Surge Protector,Power,4,12500,0,Cash
NM-01448,2025-09-01,Port Harcourt,Port Harcourt - GRA,Ibrahim Danjuma,Wholesale,P040,HP Ink Cartridge 305,Office,28,14500,15,Transfer
NM-01449,2025-09-01,Lagos,Lagos - Lekki,Ifeanyi Adebayo,Retail,P029,Semovita 10kg,Groceries,10,11800,10,Cash
NM-01450,2025-09-01,Lagos,Lagos - Lekki,Uche Uzor,Retail,P005,Oraimo Power Bank 20000mAh,Accessories,4,21000,0,Transfer
NM-01451,2025-09-01,Lagos,Lagos - Surulere,Adaeze Garba,Wholesale,P006,Oraimo FreePods 4,Accessories,40,25500,10,POS
NM-01452,2025-09-01,Lagos,Lagos - Lekki,Uche Musa,Retail,P027,Milo 1kg Refill,Groceries,3,9200,15,POS
NM-01453,2025-09-01,Port Harcourt,Port Harcourt - GRA,Nneka Olawale,Online,P038,Mattress 6x6,Furniture,2,178000,0,Transfer
NM-01454,2025-09-01,Ibadan,Ibadan - Bodija,Bisi Olawale,Retail,P035,School Bag,Fashion,4,12500,0,Card
NM-01455,2025-09-01,Enugu,Enugu - Independence Layout,Emeka Garba,Retail,P030,Sugar 1kg (x10),Groceries,10,15000,0,Cash
NM-01456,2025-09-01,Kano,Kano - Sabon Gari,Hauwa Danjuma,Retail,P027,Milo 1kg Refill,Groceries,3,9200,0,POS
NM-01457,2025-09-01,Lagos,Lagos - Ikeja,Chioma Onyeka,Retail,P002,Infinix Hot 40,Phones,1,162000,10,POS
NM-01458,2025-09-02,Lagos,Lagos - Surulere,Dayo Suleiman,Retail,P013,"Hisense 55"" 4K TV",TV & Audio,3,499000,0,POS
NM-01459,2025-09-02,Enugu,Enugu - Independence Layout,Emeka Garba,Online,P014,JBL Flip 6 Speaker,TV & Audio,2,129000,10,Transfer
NM-01460,2025-09-02,Abuja,Abuja - Wuse,Tunde Eze,Wholesale,P029,Semovita 10kg,Groceries,30,11800,10,Transfer
NM-01461,2025-09-02,Lagos,Lagos - Ikeja,Chioma Onyeka,Online,P026,Indomie Carton (40),Groceries,10,13500,5,Transfer
NM-01462,2025-09-03,Abuja,Abuja - Wuse,Bola Musa,Retail,P028,Peak Milk Tin (24),Groceries,3,16500,0,Transfer
NM-01463,2025-09-03,Abuja,Abuja - Wuse,Tunde Eze,Wholesale,P012,"LG 43"" Smart TV",TV & Audio,8,349000,15,Cash
NM-01464,2025-09-03,Ibadan,Ibadan - Bodija,Bisi Olawale,Retail,P003,Samsung Galaxy A15,Phones,3,205000,0,Transfer
NM-01465,2025-09-03,Lagos,Lagos - Surulere,Kelechi Garba,Retail,P040,HP Ink Cartridge 305,Office,12,14500,0,Cash
NM-01466,2025-09-03,Lagos,Lagos - Ikeja,Tolu Eze,Retail,P026,Indomie Carton (40),Groceries,3,13500,0,POS
NM-01467,2025-09-03,Abuja,Abuja - Garki,Bola Okafor,Retail,P030,Sugar 1kg (x10),Groceries,3,15000,5,Card
NM-01468,2025-09-03,Lagos,Lagos - Ikeja,Tolu Eze,Online,P003,Samsung Galaxy A15,Phones,1,205000,10,Transfer
NM-01469,2025-09-04,Lagos,Lagos - Lekki,Uche Uzor,Retail,P005,Oraimo Power Bank 20000mAh,Accessories,9,21000,15,POS
NM-01470,2025-09-04,Lagos,Lagos - Ikeja,Tolu Eze,Wholesale,P019,"Standing Fan 18""",Appliances,12,38500,15,Transfer
NM-01471,2025-09-04,Lagos,Lagos - Lekki,Uche Musa,Retail,P006,Oraimo FreePods 4,Accessories,4,25500,0,Transfer
NM-01472,2025-09-04,Abuja,Abuja - Garki,Femi Suleiman,Retail,P028,Peak Milk Tin (24),Groceries,8,16500,0,Card
NM-01473,2025-09-04,Abuja,Abuja - Wuse,Bola Musa,Online,P030,Sugar 1kg (x10),Groceries,4,15000,0,Transfer
NM-01474,2025-09-04,Abuja,Abuja - Wuse,Chidi Uzor,Online,P012,"LG 43"" Smart TV",TV & Audio,1,349000,5,Cash
NM-01475,2025-09-04,Port Harcourt,Port Harcourt - GRA,Segun Chukwu,Wholesale,P005,Oraimo Power Bank 20000mAh,Accessories,15,21000,15,Card
NM-01476,2025-09-04,Lagos,Lagos - Ikeja,Chioma Onyeka,Online,P011,Wireless Mouse,Accessories,8,9500,0,Card
NM-01477,2025-09-04,Port Harcourt,Port Harcourt - GRA,Nneka Olawale,Online,P026,Indomie Carton (40),Groceries,10,13500,10,Transfer
NM-01478,2025-09-05,Lagos,Lagos - Surulere,Dayo Suleiman,Retail,P038,Mattress 6x6,Furniture,2,178000,0,Transfer
NM-01479,2025-09-05,Kano,Kano - Sabon Gari,Bisi Onyeka,Retail,P028,Peak Milk Tin (24),Groceries,4,16500,5,Transfer
NM-01480,2025-09-05,Lagos,Lagos - Surulere,Dayo Suleiman,Retail,P003,Samsung Galaxy A15,Phones,3,205000,0,POS
NM-01481,2025-09-05,Lagos,Lagos - Lekki,Uche Musa,Wholesale,P001,Tecno Spark 20,Phones,3,145000,10,Cash
NM-01482,2025-09-05,Abuja,Abuja - Garki,Zainab Eze,Retail,P023,Surge Protector,Power,5,12500,10,Transfer
NM-01483,2025-09-05,Enugu,Enugu - Independence Layout,Zainab Obi,Wholesale,P006,Oraimo FreePods 4,Accessories,40,25500,10,POS
NM-01484,2025-09-06,Lagos,Lagos - Ikeja,Ngozi Olawale,Retail,P013,"Hisense 55"" 4K TV",TV & Audio,2,499000,0,Transfer
NM-01485,2025-09-06,Port Harcourt,Port Harcourt - GRA,Segun Chukwu,Retail,P023,Surge Protector,Power,3,12500,0,Transfer
NM-01486,2025-09-06,Enugu,Enugu - Independence Layout,Emeka Garba,Retail,P019,"Standing Fan 18""",Appliances,8,38500,0,Transfer
NM-01487,2025-09-06,Lagos,Lagos - Surulere,Adaeze Garba,Retail,P034,Sneakers (Unisex),Fashion,12,26000,0,POS
NM-01488,2025-09-06,Lagos,Lagos - Ikeja,Tolu Eze,Wholesale,P028,Peak Milk Tin (24),Groceries,36,16500,10,POS
NM-01489,2025-09-06,Port Harcourt,Port Harcourt - GRA,Nneka Olawale,Retail,P026,Indomie Carton (40),Groceries,4,13500,0,POS
NM-01490,2025-09-06,Abuja,Abuja - Wuse,Tunde Eze,Retail,P032,Men's Senator Wear,Fashion,7,35000,0,POS
NM-01491,2025-09-06,Lagos,Lagos - Ikeja,Ngozi Olawale,Wholesale,P002,Infinix Hot 40,Phones,14,162000,10,POS
NM-01492,2025-09-06,Abuja,Abuja - Wuse,Tunde Eze,Online,P001,Tecno Spark 20,Phones,2,145000,10,Transfer
NM-01493,2025-09-06,Ibadan,Ibadan - Bodija,Bisi Olawale,Online,P033,Women's Ankara Dress,Fashion,3,31000,0,Transfer
NM-01494,2025-09-07,Ibadan,Ibadan - Bodija,Tolu Bello,Wholesale,P027,Milo 1kg Refill,Groceries,48,9200,15,POS
NM-01495,2025-09-07,Port Harcourt,Port Harcourt - GRA,Ibrahim Danjuma,Retail,P026,Indomie Carton (40),Groceries,12,13500,5,Card
NM-01496,2025-09-07,Lagos,Lagos - Lekki,Ifeanyi Adebayo,Wholesale,P039,Printer Paper A4 (Box),Office,63,24500,10,POS
NM-01497,2025-09-07,Lagos,Lagos - Ikeja,Chioma Onyeka,Online,P007,Phone Charger (Fast),Accessories,10,7500,0,Transfer
NM-01498,2025-09-08,Port Harcourt,Port Harcourt - GRA,Ibrahim Danjuma,Wholesale,P027,Milo 1kg Refill,Groceries,12,9200,15,POS
NM-01499,2025-09-08,Port Harcourt,Port Harcourt - GRA,Nneka Olawale,Retail,P014,JBL Flip 6 Speaker,TV & Audio,2,129000,10,Cash
NM-01500,2025-09-08,Kano,Kano - Sabon Gari,Maryam Chukwu,Retail,P011,Wireless Mouse,Accessories,2,9500,5,Card
NM-01501,2025-09-08,Lagos,Lagos - Surulere,Adaeze Garba,Retail,P034,Sneakers (Unisex),Fashion,8,26000,0,Card
NM-01502,2025-09-09,Enugu,Enugu - Independence Layout,Dayo Abubakar,Retail,P020,Microwave Oven 20L,Appliances,7,86000,10,Transfer
NM-01503,2025-09-09,Ibadan,Ibadan - Bodija,Tolu Bello,Retail,P002,Infinix Hot 40,Phones,2,162000,0,Cash
NM-01504,2025-09-09,Kano,Kano - Sabon Gari,Hauwa Danjuma,Retail,P007,Phone Charger (Fast),Accessories,12,7500,5,Transfer
NM-01505,2025-09-09,Lagos,Lagos - Lekki,Uche Uzor,Retail,P035,School Bag,Fashion,1,12500,10,Transfer
NM-01506,2025-09-09,Lagos,Lagos - Lekki,Ifeanyi Adebayo,Online,P005,Oraimo Power Bank 20000mAh,Accessories,4,21000,10,Cash
NM-01507,2025-09-09,Abuja,Abuja - Garki,Femi Suleiman,Wholesale,P002,Infinix Hot 40,Phones,24,162000,15,POS
NM-01508,2025-09-09,Enugu,Enugu - Independence Layout,Zainab Obi,Retail,P006,Oraimo FreePods 4,Accessories,4,25500,0,POS
NM-01509,2025-09-10,Abuja,Abuja - Wuse,Bola Musa,Wholesale,P002,Infinix Hot 40,Phones,10,162000,10,POS
NM-01510,2025-09-10,Abuja,Abuja - Garki,Femi Suleiman,Retail,P035,School Bag,Fashion,8,12500,5,POS
NM-01511,2025-09-10,Kano,Kano - Sabon Gari,Hauwa Danjuma,Online,P015,Sound Bar 2.1,TV & Audio,9,95000,10,Transfer
NM-01512,2025-09-10,Enugu,Enugu - Independence Layout,Zainab Obi,Retail,P011,Wireless Mouse,Accessories,10,9500,10,Cash
NM-01513,2025-09-10,Enugu,Enugu - Independence Layout,Emeka Garba,Online,P016,Thermocool Freezer 200L,Appliances,3,318000,0,Transfer
NM-01514,2025-09-10,Lagos,Lagos - Lekki,Uche Musa,Wholesale,P039,Printer Paper A4 (Box),Office,10,24500,15,POS
NM-01515,2025-09-10,Port Harcourt,Port Harcourt - GRA,Nneka Olawale,Retail,P029,Semovita 10kg,Groceries,7,11800,0,Cash
NM-01516,2025-09-11,Lagos,Lagos - Ikeja,Chioma Onyeka,Retail,P029,Semovita 10kg,Groceries,1,11800,15,Cash
NM-01517,2025-09-11,Lagos,Lagos - Lekki,Uche Musa,Retail,P037,Study Desk,Furniture,7,64000,15,POS
NM-01518,2025-09-11,Kano,Kano - Sabon Gari,Bisi Onyeka,Retail,P008,HP 250 G9 Laptop,Computers,1,585000,5,Transfer
NM-01519,2025-09-11,Lagos,Lagos - Ikeja,Tolu Eze,Retail,P033,Women's Ankara Dress,Fashion,8,31000,5,Cash
NM-01520,2025-09-11,Ibadan,Ibadan - Bodija,Bisi Olawale,Retail,P015,Sound Bar 2.1,TV & Audio,12,95000,0,Transfer
NM-01521,2025-09-11,Lagos,Lagos - Ikeja,Tolu Eze,Retail,P023,Surge Protector,Power,12,12500,10,Cash
NM-01522,2025-09-11,Lagos,Lagos - Lekki,Uche Musa,Retail,P029,Semovita 10kg,Groceries,2,11800,0,Transfer
NM-01523,2025-09-11,Port Harcourt,Port Harcourt - GRA,Ibrahim Danjuma,Wholesale,P031,Ankara Fabric (6 yards),Fashion,42,18500,15,POS
NM-01524,2025-09-11,Kano,Kano - Sabon Gari,Bisi Onyeka,Wholesale,P029,Semovita 10kg,Groceries,60,11800,10,Cash
NM-01525,2025-09-11,Abuja,Abuja - Wuse,Bola Musa,Retail,P007,Phone Charger (Fast),Accessories,5,7500,5,POS
NM-01526,2025-09-12,Lagos,Lagos - Ikeja,Chioma Onyeka,Online,P024,Rice 50kg (Local),Groceries,10,78000,10,Transfer
NM-01527,2025-09-12,Abuja,Abuja - Wuse,Chidi Uzor,Retail,P020,Microwave Oven 20L,Appliances,12,86000,15,Transfer
NM-01528,2025-09-12,Kano,Kano - Sabon Gari,Maryam Chukwu,Retail,P033,Women's Ankara Dress,Fashion,9,31000,0,Cash
NM-01529,2025-09-12,Ibadan,Ibadan - Bodija,Tunde Adebayo,Retail,P029,Semovita 10kg,Groceries,6,11800,15,Cash
NM-01530,2025-09-12,Lagos,Lagos - Lekki,Ifeanyi Adebayo,Retail,P007,Phone Charger (Fast),Accessories,11,7500,0,POS
NM-01531,2025-09-12,Lagos,Lagos - Lekki,Ifeanyi Adebayo,Wholesale,P014,JBL Flip 6 Speaker,TV & Audio,7,129000,10,Cash
NM-01532,2025-09-12,Lagos,Lagos - Ikeja,Chioma Onyeka,Wholesale,P029,Semovita 10kg,Groceries,10,11800,10,POS
NM-01533,2025-09-12,Lagos,Lagos - Ikeja,Tolu Eze,Retail,P015,Sound Bar 2.1,TV & Audio,5,95000,5,Transfer
NM-01534,2025-09-13,Port Harcourt,Port Harcourt - GRA,Segun Chukwu,Retail,P038,Mattress 6x6,Furniture,1,178000,5,Transfer
NM-01535,2025-09-13,Kano,Kano - Sabon Gari,Maryam Chukwu,Online,P012,"LG 43"" Smart TV",TV & Audio,1,349000,0,Transfer
NM-01536,2025-09-13,Abuja,Abuja - Garki,Bola Okafor,Online,P001,Tecno Spark 20,Phones,1,145000,0,Transfer
NM-01537,2025-09-13,Lagos,Lagos - Surulere,Kelechi Garba,Wholesale,P001,Tecno Spark 20,Phones,6,145000,10,Cash
NM-01538,2025-09-13,Abuja,Abuja - Garki,Zainab Eze,Retail,P018,Scanfrost Gas Cooker,Appliances,2,229000,0,Card
NM-01539,2025-09-13,Kano,Kano - Sabon Gari,Bisi Onyeka,Retail,P017,Binatone Blender,Appliances,7,29500,10,POS
NM-01540,2025-09-13,Ibadan,Ibadan - Bodija,Bisi Olawale,Retail,P040,HP Ink Cartridge 305,Office,11,14500,10,Transfer
NM-01541,2025-09-13,Lagos,Lagos - Ikeja,Chioma Onyeka,Retail,P007,Phone Charger (Fast),Accessories,6,7500,0,Transfer
NM-01542,2025-09-13,Ibadan,Ibadan - Bodija,Bisi Olawale,Wholesale,P010,Dell Inspiron 15,Computers,21,649000,10,Cash
NM-01543,2025-09-13,Kano,Kano - Sabon Gari,Maryam Chukwu,Retail,P033,Women's Ankara Dress,Fashion,12,31000,0,POS
NM-01544,2025-09-13,Enugu,Enugu - Independence Layout,Zainab Obi,Retail,P040,HP Ink Cartridge 305,Office,4,14500,0,Transfer
NM-01545,2025-09-13,Port Harcourt,Port Harcourt - GRA,Segun Chukwu,Online,P019,"Standing Fan 18""",Appliances,4,38500,0,Transfer
NM-01546,2025-09-14,Lagos,Lagos - Ikeja,Tolu Eze,Retail,P007,Phone Charger (Fast),Accessories,6,7500,0,POS
NM-01547,2025-09-14,Ibadan,Ibadan - Bodija,Bisi Olawale,Retail,P028,Peak Milk Tin (24),Groceries,1,16500,0,POS
NM-01548,2025-09-14,Kano,Kano - Sabon Gari,Maryam Chukwu,Online,P001,Tecno Spark 20,Phones,1,145000,0,Transfer
NM-01549,2025-09-15,Abuja,Abuja - Wuse,Chidi Uzor,Wholesale,P011,Wireless Mouse,Accessories,30,9500,10,Cash
NM-01550,2025-09-15,Kano,Kano - Sabon Gari,Maryam Chukwu,Retail,P017,Binatone Blender,Appliances,8,29500,5,POS
NM-01551,2025-09-15,Abuja,Abuja - Wuse,Chidi Uzor,Retail,P023,Surge Protector,Power,2,12500,0,POS
NM-01552,2025-09-15,Lagos,Lagos - Lekki,Ifeanyi Adebayo,Retail,P026,Indomie Carton (40),Groceries,5,13500,10,POS
NM-01553,2025-09-15,Abuja,Abuja - Garki,Femi Suleiman,Wholesale,P029,Semovita 10kg,Groceries,24,11800,15,Transfer
NM-01554,2025-09-16,Abuja,Abuja - Wuse,Bola Musa,Retail,P031,Ankara Fabric (6 yards),Fashion,8,18500,0,Cash
NM-01555,2025-09-16,Lagos,Lagos - Ikeja,Tolu Eze,Retail,P024,Rice 50kg (Local),Groceries,8,78000,0,Transfer
NM-01556,2025-09-16,Lagos,Lagos - Lekki,Uche Uzor,Retail,P034,Sneakers (Unisex),Fashion,12,26000,0,Cash
NM-01557,2025-09-16,Kano,Kano - Sabon Gari,Maryam Chukwu,Retail,P007,Phone Charger (Fast),Accessories,9,7500,15,Transfer
NM-01558,2025-09-16,Abuja,Abuja - Garki,Bola Okafor,Retail,P039,Printer Paper A4 (Box),Office,9,24500,0,Cash
NM-01559,2025-09-16,Port Harcourt,Port Harcourt - GRA,Segun Chukwu,Online,P034,Sneakers (Unisex),Fashion,10,26000,10,Transfer
NM-01560,2025-09-16,Abuja,Abuja - Wuse,Chidi Uzor,Wholesale,P039,Printer Paper A4 (Box),Office,15,24500,15,POS
NM-01561,2025-09-17,Kano,Kano - Sabon Gari,Hauwa Danjuma,Retail,P001,Tecno Spark 20,Phones,3,145000,0,Transfer
NM-01562,2025-09-17,Port Harcourt,Port Harcourt - GRA,Ibrahim Danjuma,Online,P023,Surge Protector,Power,5,12500,0,Transfer
NM-01563,2025-09-17,Kano,Kano - Sabon Gari,Maryam Chukwu,Wholesale,P040,HP Ink Cartridge 305,Office,6,14500,10,POS
NM-01564,2025-09-17,Lagos,Lagos - Ikeja,Chioma Onyeka,Retail,P025,Vegetable Oil 5L,Groceries,7,17500,5,Cash
NM-01565,2025-09-17,Port Harcourt,Port Harcourt - GRA,Nneka Olawale,Retail,P025,Vegetable Oil 5L,Groceries,4,17500,5,POS
NM-01566,2025-09-17,Port Harcourt,Port Harcourt - GRA,Ibrahim Danjuma,Online,P033,Women's Ankara Dress,Fashion,11,31000,10,Transfer
NM-01567,2025-09-17,Lagos,Lagos - Surulere,Kelechi Garba,Retail,P011,Wireless Mouse,Accessories,11,9500,0,Cash
NM-01568,2025-09-17,Abuja,Abuja - Wuse,Tunde Eze,Online,P040,HP Ink Cartridge 305,Office,10,14500,10,Transfer
NM-01569,2025-09-17,Abuja,Abuja - Garki,Zainab Eze,Retail,P025,Vegetable Oil 5L,Groceries,4,17500,15,Card
NM-01570,2025-09-17,Ibadan,Ibadan - Bodija,Tunde Adebayo,Retail,P026,Indomie Carton (40),Groceries,10,13500,5,POS
NM-01571,2025-09-17,Port Harcourt,Port Harcourt - GRA,Nneka Olawale,Retail,P032,Men's Senator Wear,Fashion,5,35000,15,Cash
NM-01572,2025-09-17,Enugu,Enugu - Independence Layout,Zainab Obi,Online,P025,Vegetable Oil 5L,Groceries,4,17500,0,Transfer
NM-01573,2025-09-17,Lagos,Lagos - Ikeja,Chioma Onyeka,Online,P035,School Bag,Fashion,1,12500,5,Transfer
NM-01574,2025-09-18,Lagos,Lagos - Lekki,Ifeanyi Adebayo,Online,P006,Oraimo FreePods 4,Accessories,3,25500,10,Transfer
NM-01575,2025-09-18,Abuja,Abuja - Garki,Zainab Eze,Wholesale,P005,Oraimo Power Bank 20000mAh,Accessories,72,21000,10,POS
NM-01576,2025-09-18,Abuja,Abuja - Wuse,Chidi Uzor,Online,P028,Peak Milk Tin (24),Groceries,6,16500,0,Transfer
NM-01577,2025-09-18,Lagos,Lagos - Surulere,Adaeze Garba,Retail,P017,Binatone Blender,Appliances,1,29500,10,Card
NM-01578,2025-09-18,Lagos,Lagos - Ikeja,Ngozi Olawale,Retail,P024,Rice 50kg (Local),Groceries,11,78000,15,Transfer
NM-01579,2025-09-19,Enugu,Enugu - Independence Layout,Emeka Garba,Online,P001,Tecno Spark 20,Phones,1,145000,0,Cash
NM-01580,2025-09-19,Kano,Kano - Sabon Gari,Maryam Chukwu,Retail,P039,Printer Paper A4 (Box),Office,1,24500,0,Transfer
NM-01581,2025-09-19,Lagos,Lagos - Surulere,Adaeze Garba,Online,P025,Vegetable Oil 5L,Groceries,10,17500,0,Transfer
NM-01582,2025-09-20,Port Harcourt,Port Harcourt - GRA,Segun Chukwu,Wholesale,P033,Women's Ankara Dress,Fashion,9,31000,10,Cash
NM-01583,2025-09-20,Ibadan,Ibadan - Bodija,Tolu Bello,Online,P001,Tecno Spark 20,Phones,3,145000,10,POS
NM-01584,2025-09-20,Lagos,Lagos - Ikeja,Ngozi Olawale,Retail,P024,Rice 50kg (Local),Groceries,1,78000,0,POS
NM-01585,2025-09-20,Lagos,Lagos - Lekki,Ifeanyi Adebayo,Retail,P023,Surge Protector,Power,5,12500,0,Cash
NM-01586,2025-09-20,Abuja,Abuja - Wuse,Chidi Uzor,Online,P030,Sugar 1kg (x10),Groceries,12,15000,0,Transfer
NM-01587,2025-09-20,Ibadan,Ibadan - Bodija,Tolu Bello,Wholesale,P024,Rice 50kg (Local),Groceries,8,78000,15,POS
NM-01588,2025-09-20,Lagos,Lagos - Lekki,Ifeanyi Adebayo,Online,P029,Semovita 10kg,Groceries,9,11800,0,Transfer
NM-01589,2025-09-21,Lagos,Lagos - Surulere,Adaeze Garba,Wholesale,P017,Binatone Blender,Appliances,30,29500,15,POS
NM-01590,2025-09-21,Lagos,Lagos - Ikeja,Ngozi Olawale,Retail,P035,School Bag,Fashion,4,12500,0,Cash
NM-01591,2025-09-21,Lagos,Lagos - Ikeja,Chioma Onyeka,Wholesale,P008,HP 250 G9 Laptop,Computers,9,585000,15,POS
NM-01592,2025-09-22,Enugu,Enugu - Independence Layout,Zainab Obi,Retail,P017,Binatone Blender,Appliances,5,29500,10,Transfer
NM-01593,2025-09-22,Lagos,Lagos - Lekki,Uche Musa,Retail,P024,Rice 50kg (Local),Groceries,3,78000,0,Cash
NM-01594,2025-09-22,Lagos,Lagos - Surulere,Dayo Suleiman,Online,P001,Tecno Spark 20,Phones,1,145000,5,POS
NM-01595,2025-09-22,Kano,Kano - Sabon Gari,Bisi Onyeka,Retail,P014,JBL Flip 6 Speaker,TV & Audio,2,129000,10,POS
NM-01596,2025-09-23,Lagos,Lagos - Surulere,Kelechi Garba,Online,P014,JBL Flip 6 Speaker,TV & Audio,3,129000,0,POS
NM-01597,2025-09-23,Port Harcourt,Port Harcourt - GRA,Nneka Olawale,Retail,P025,Vegetable Oil 5L,Groceries,1,17500,0,POS
NM-01598,2025-09-23,Lagos,Lagos - Ikeja,Ngozi Olawale,Retail,P005,Oraimo Power Bank 20000mAh,Accessories,4,21000,0,Transfer
NM-01599,2025-09-23,Abuja,Abuja - Wuse,Tunde Eze,Online,P025,Vegetable Oil 5L,Groceries,2,17500,0,Transfer
NM-01600,2025-09-23,Enugu,Enugu - Independence Layout,Dayo Abubakar,Retail,P036,Office Chair,Furniture,12,79000,5,POS
NM-01601,2025-09-23,Lagos,Lagos - Ikeja,Chioma Onyeka,Retail,P026,Indomie Carton (40),Groceries,10,13500,0,Cash
NM-01602,2025-09-23,Abuja,Abuja - Garki,Zainab Eze,Wholesale,P038,Mattress 6x6,Furniture,4,178000,10,POS
NM-01603,2025-09-23,Ibadan,Ibadan - Bodija,Tolu Bello,Retail,P011,Wireless Mouse,Accessories,12,9500,0,POS
NM-01604,2025-09-23,Lagos,Lagos - Ikeja,Tolu Eze,Retail,P016,Thermocool Freezer 200L,Appliances,2,318000,0,Transfer
NM-01605,2025-09-24,Abuja,Abuja - Wuse,Tunde Eze,Wholesale,P024,Rice 50kg (Local),Groceries,25,78000,10,Card
NM-01606,2025-09-24,Lagos,Lagos - Ikeja,Chioma Onyeka,Retail,P039,Printer Paper A4 (Box),Office,5,24500,5,POS
NM-01607,2025-09-24,Abuja,Abuja - Wuse,Chidi Uzor,Online,P028,Peak Milk Tin (24),Groceries,4,16500,0,Transfer
NM-01608,2025-09-24,Enugu,Enugu - Independence Layout,Dayo Abubakar,Retail,P028,Peak Milk Tin (24),Groceries,3,16500,5,Transfer
NM-01609,2025-09-24,Lagos,Lagos - Lekki,Uche Musa,Retail,P029,Semovita 10kg,Groceries,7,11800,0,Cash
NM-01610,2025-09-24,Lagos,Lagos - Lekki,Uche Uzor,Online,P037,Study Desk,Furniture,9,64000,0,Transfer
NM-01611,2025-09-25,Lagos,Lagos - Surulere,Kelechi Garba,Wholesale,P011,Wireless Mouse,Accessories,48,9500,15,Transfer
NM-01612,2025-09-25,Abuja,Abuja - Wuse,Bola Musa,Retail,P014,JBL Flip 6 Speaker,TV & Audio,2,129000,10,Cash
NM-01613,2025-09-25,Lagos,Lagos - Surulere,Kelechi Garba,Online,P026,Indomie Carton (40),Groceries,11,13500,0,POS
NM-01614,2025-09-25,Kano,Kano - Sabon Gari,Hauwa Danjuma,Retail,P002,Infinix Hot 40,Phones,2,162000,0,Cash
NM-01615,2025-09-25,Abuja,Abuja - Garki,Bola Okafor,Retail,P023,Surge Protector,Power,12,12500,0,POS
NM-01616,2025-09-25,Port Harcourt,Port Harcourt - GRA,Nneka Olawale,Wholesale,P028,Peak Milk Tin (24),Groceries,40,16500,10,Cash
NM-01617,2025-09-25,Port Harcourt,Port Harcourt - GRA,Ibrahim Danjuma,Retail,P003,Samsung Galaxy A15,Phones,2,205000,0,Cash
NM-01618,2025-09-25,Ibadan,Ibadan - Bodija,Bisi Olawale,Wholesale,P019,"Standing Fan 18""",Appliances,16,38500,10,Cash
NM-01619,2025-09-25,Abuja,Abuja - Garki,Femi Suleiman,Online,P002,Infinix Hot 40,Phones,2,162000,0,POS
NM-01620,2025-09-25,Abuja,Abuja - Garki,Femi Suleiman,Online,P033,Women's Ankara Dress,Fashion,2,31000,0,Card
NM-01621,2025-09-26,Abuja,Abuja - Wuse,Bola Musa,Wholesale,P026,Indomie Carton (40),Groceries,56,13500,15,Transfer
NM-01622,2025-09-26,Enugu,Enugu - Independence Layout,Dayo Abubakar,Wholesale,P033,Women's Ankara Dress,Fashion,30,31000,10,POS
NM-01623,2025-09-26,Lagos,Lagos - Lekki,Uche Uzor,Retail,P037,Study Desk,Furniture,3,64000,0,Cash
NM-01624,2025-09-26,Abuja,Abuja - Garki,Zainab Eze,Wholesale,P040,HP Ink Cartridge 305,Office,72,14500,10,Transfer
NM-01625,2025-09-26,Lagos,Lagos - Lekki,Ifeanyi Adebayo,Wholesale,P035,School Bag,Fashion,14,12500,10,Transfer
NM-01626,2025-09-27,Abuja,Abuja - Wuse,Tunde Eze,Online,P040,HP Ink Cartridge 305,Office,5,14500,0,Transfer
NM-01627,2025-09-27,Enugu,Enugu - Independence Layout,Emeka Garba,Retail,P035,School Bag,Fashion,10,12500,0,Cash
NM-01628,2025-09-27,Lagos,Lagos - Ikeja,Ngozi Olawale,Online,P001,Tecno Spark 20,Phones,2,145000,5,Transfer
NM-01629,2025-09-27,Enugu,Enugu - Independence Layout,Dayo Abubakar,Retail,P007,Phone Charger (Fast),Accessories,12,7500,0,POS
NM-01630,2025-09-27,Enugu,Enugu - Independence Layout,Zainab Obi,Online,P007,Phone Charger (Fast),Accessories,12,7500,10,Transfer
NM-01631,2025-09-28,Lagos,Lagos - Lekki,Ifeanyi Adebayo,Retail,P039,Printer Paper A4 (Box),Office,8,24500,0,Cash
NM-01632,2025-09-28,Ibadan,Ibadan - Bodija,Tolu Bello,Retail,P006,Oraimo FreePods 4,Accessories,8,25500,0,Transfer
NM-01633,2025-09-28,Abuja,Abuja - Wuse,Chidi Uzor,Retail,P039,Printer Paper A4 (Box),Office,12,24500,5,Card
NM-01634,2025-09-29,Abuja,Abuja - Wuse,Bola Musa,Retail,P006,Oraimo FreePods 4,Accessories,10,25500,0,POS
NM-01635,2025-09-30,Kano,Kano - Sabon Gari,Maryam Chukwu,Retail,P014,JBL Flip 6 Speaker,TV & Audio,1,129000,10,Card
NM-01636,2025-09-30,Lagos,Lagos - Lekki,Uche Musa,Online,P005,Oraimo Power Bank 20000mAh,Accessories,1,21000,5,Transfer
NM-01637,2025-09-30,Lagos,Lagos - Ikeja,Chioma Onyeka,Online,P001,Tecno Spark 20,Phones,2,145000,0,Transfer
NM-01638,2025-09-30,Port Harcourt,Port Harcourt - GRA,Segun Chukwu,Online,P034,Sneakers (Unisex),Fashion,6,26000,10,Transfer
NM-01639,2025-09-30,Kano,Kano - Sabon Gari,Bisi Onyeka,Retail,P040,HP Ink Cartridge 305,Office,6,14500,5,Card
NM-01640,2025-10-01,Abuja,Abuja - Wuse,Bola Musa,Retail,P040,HP Ink Cartridge 305,Office,1,14500,0,Transfer
NM-01641,2025-10-01,Lagos,Lagos - Surulere,Dayo Suleiman,Wholesale,P027,Milo 1kg Refill,Groceries,66,9200,15,Cash
NM-01642,2025-10-01,Kano,Kano - Sabon Gari,Bisi Onyeka,Retail,P029,Semovita 10kg,Groceries,12,11800,5,POS
NM-01643,2025-10-01,Lagos,Lagos - Surulere,Kelechi Garba,Retail,P034,Sneakers (Unisex),Fashion,5,26000,0,POS
NM-01644,2025-10-01,Abuja,Abuja - Wuse,Chidi Uzor,Wholesale,P012,"LG 43"" Smart TV",TV & Audio,16,349000,10,Transfer
NM-01645,2025-10-02,Kano,Kano - Sabon Gari,Hauwa Danjuma,Retail,P001,Tecno Spark 20,Phones,1,145000,15,Cash
NM-01646,2025-10-02,Ibadan,Ibadan - Bodija,Tunde Adebayo,Retail,P035,School Bag,Fashion,11,12500,10,Transfer
NM-01647,2025-10-02,Lagos,Lagos - Ikeja,Tolu Eze,Wholesale,P006,Oraimo FreePods 4,Accessories,15,25500,15,Transfer
NM-01648,2025-10-02,Port Harcourt,Port Harcourt - GRA,Segun Chukwu,Retail,P019,"Standing Fan 18""",Appliances,12,38500,0,Cash
NM-01649,2025-10-02,Port Harcourt,Port Harcourt - GRA,Ibrahim Danjuma,Retail,P037,Study Desk,Furniture,11,64000,0,Cash
NM-01650,2025-10-02,Lagos,Lagos - Ikeja,Chioma Onyeka,Retail,P029,Semovita 10kg,Groceries,5,11800,0,Card
NM-01651,2025-10-02,Lagos,Lagos - Surulere,Adaeze Garba,Retail,P009,Lenovo IdeaPad 3,Computers,1,560000,5,Cash
NM-01652,2025-10-03,Lagos,Lagos - Lekki,Uche Musa,Online,P031,Ankara Fabric (6 yards),Fashion,9,18500,0,Transfer
NM-01653,2025-10-03,Abuja,Abuja - Wuse,Tunde Eze,Retail,P030,Sugar 1kg (x10),Groceries,11,15000,10,POS
NM-01654,2025-10-03,Kano,Kano - Sabon Gari,Maryam Chukwu,Retail,P031,Ankara Fabric (6 yards),Fashion,6,18500,0,POS
NM-01655,2025-10-03,Lagos,Lagos - Ikeja,Ngozi Olawale,Online,P006,Oraimo FreePods 4,Accessories,9,25500,5,Transfer
NM-01656,2025-10-03,Lagos,Lagos - Ikeja,Ngozi Olawale,Retail,P005,Oraimo Power Bank 20000mAh,Accessories,7,21000,10,Cash
NM-01657,2025-10-03,Lagos,Lagos - Surulere,Adaeze Garba,Retail,P036,Office Chair,Furniture,9,79000,10,Transfer
NM-01658,2025-10-03,Lagos,Lagos - Surulere,Adaeze Garba,Retail,P029,Semovita 10kg,Groceries,9,11800,0,Transfer
NM-01659,2025-10-04,Lagos,Lagos - Surulere,Kelechi Garba,Retail,P026,Indomie Carton (40),Groceries,7,13500,0,Transfer
NM-01660,2025-10-04,Lagos,Lagos - Ikeja,Ngozi Olawale,Wholesale,P007,Phone Charger (Fast),Accessories,8,7500,15,Card
NM-01661,2025-10-04,Lagos,Lagos - Lekki,Uche Uzor,Online,P034,Sneakers (Unisex),Fashion,3,26000,5,Transfer
NM-01662,2025-10-04,Lagos,Lagos - Ikeja,Ngozi Olawale,Retail,P006,Oraimo FreePods 4,Accessories,9,25500,0,Cash
NM-01663,2025-10-04,Port Harcourt,Port Harcourt - GRA,Segun Chukwu,Retail,P034,Sneakers (Unisex),Fashion,12,26000,5,Cash
NM-01664,2025-10-04,Abuja,Abuja - Wuse,Chidi Uzor,Retail,P038,Mattress 6x6,Furniture,3,178000,5,Transfer
NM-01665,2025-10-05,Lagos,Lagos - Surulere,Adaeze Garba,Retail,P025,Vegetable Oil 5L,Groceries,1,17500,0,Transfer
NM-01666,2025-10-05,Abuja,Abuja - Garki,Femi Suleiman,Retail,P024,Rice 50kg (Local),Groceries,5,78000,0,Card
NM-01667,2025-10-05,Lagos,Lagos - Ikeja,Tolu Eze,Wholesale,P008,HP 250 G9 Laptop,Computers,8,585000,10,Cash
NM-01668,2025-10-05,Lagos,Lagos - Surulere,Adaeze Garba,Retail,P023,Surge Protector,Power,7,12500,10,Transfer
NM-01669,2025-10-06,Enugu,Enugu - Independence Layout,Emeka Garba,Retail,P005,Oraimo Power Bank 20000mAh,Accessories,9,21000,0,POS
NM-01670,2025-10-06,Lagos,Lagos - Ikeja,Ngozi Olawale,Online,P028,Peak Milk Tin (24),Groceries,11,16500,0,Transfer
NM-01671,2025-10-06,Lagos,Lagos - Lekki,Uche Musa,Online,P027,Milo 1kg Refill,Groceries,12,9200,5,Transfer
NM-01672,2025-10-06,Abuja,Abuja - Garki,Bola Okafor,Retail,P029,Semovita 10kg,Groceries,9,11800,0,Transfer
NM-01673,2025-10-06,Enugu,Enugu - Independence Layout,Dayo Abubakar,Wholesale,P019,"Standing Fan 18""",Appliances,3,38500,10,Cash
NM-01674,2025-10-06,Kano,Kano - Sabon Gari,Bisi Onyeka,Retail,P015,Sound Bar 2.1,TV & Audio,4,95000,0,POS
NM-01675,2025-10-07,Abuja,Abuja - Wuse,Bola Musa,Retail,P029,Semovita 10kg,Groceries,5,11800,5,Transfer
NM-01676,2025-10-07,Enugu,Enugu - Independence Layout,Zainab Obi,Online,P006,Oraimo FreePods 4,Accessories,1,25500,0,Cash
NM-01677,2025-10-07,Enugu,Enugu - Independence Layout,Zainab Obi,Retail,P001,Tecno Spark 20,Phones,3,145000,0,Transfer
NM-01678,2025-10-07,Abuja,Abuja - Wuse,Bola Musa,Retail,P029,Semovita 10kg,Groceries,3,11800,0,POS
NM-01679,2025-10-07,Enugu,Enugu - Independence Layout,Dayo Abubakar,Retail,P035,School Bag,Fashion,2,12500,0,POS
NM-01680,2025-10-07,Kano,Kano - Sabon Gari,Maryam Chukwu,Online,P036,Office Chair,Furniture,10,79000,0,Transfer
NM-01681,2025-10-08,Abuja,Abuja - Wuse,Tunde Eze,Retail,P017,Binatone Blender,Appliances,7,29500,10,Card
NM-01682,2025-10-08,Kano,Kano - Sabon Gari,Bisi Onyeka,Online,P029,Semovita 10kg,Groceries,10,11800,0,Transfer
NM-01683,2025-10-08,Enugu,Enugu - Independence Layout,Zainab Obi,Retail,P037,Study Desk,Furniture,9,64000,5,Cash
NM-01684,2025-10-08,Abuja,Abuja - Garki,Zainab Eze,Retail,P027,Milo 1kg Refill,Groceries,5,9200,0,POS
NM-01685,2025-10-08,Enugu,Enugu - Independence Layout,Zainab Obi,Online,P033,Women's Ankara Dress,Fashion,3,31000,0,Transfer
NM-01686,2025-10-08,Lagos,Lagos - Surulere,Adaeze Garba,Online,P007,Phone Charger (Fast),Accessories,6,7500,0,Transfer
NM-01687,2025-10-08,Abuja,Abuja - Wuse,Tunde Eze,Retail,P020,Microwave Oven 20L,Appliances,6,86000,0,Card
NM-01688,2025-10-09,Ibadan,Ibadan - Bodija,Bisi Olawale,Retail,P036,Office Chair,Furniture,12,79000,0,POS
NM-01689,2025-10-09,Kano,Kano - Sabon Gari,Hauwa Danjuma,Online,P004,iPhone 13 (Refurbished),Phones,2,640000,0,Transfer
NM-01690,2025-10-09,Enugu,Enugu - Independence Layout,Dayo Abubakar,Retail,P002,Infinix Hot 40,Phones,2,162000,10,Transfer
NM-01691,2025-10-09,Port Harcourt,Port Harcourt - GRA,Nneka Olawale,Wholesale,P007,Phone Charger (Fast),Accessories,48,7500,10,Transfer
NM-01692,2025-10-09,Abuja,Abuja - Wuse,Bola Musa,Retail,P001,Tecno Spark 20,Phones,2,145000,15,Cash
NM-01693,2025-10-09,Port Harcourt,Port Harcourt - GRA,Nneka Olawale,Online,P011,Wireless Mouse,Accessories,11,9500,10,Transfer
NM-01694,2025-10-09,Kano,Kano - Sabon Gari,Hauwa Danjuma,Wholesale,P036,Office Chair,Furniture,14,79000,15,POS
NM-01695,2025-10-09,Lagos,Lagos - Ikeja,Ngozi Olawale,Online,P040,HP Ink Cartridge 305,Office,8,14500,0,Transfer
NM-01696,2025-10-10,Lagos,Lagos - Surulere,Kelechi Garba,Retail,P035,School Bag,Fashion,7,12500,0,Transfer
NM-01697,2025-10-10,Lagos,Lagos - Lekki,Uche Uzor,Wholesale,P024,Rice 50kg (Local),Groceries,14,78000,15,POS
NM-01698,2025-10-10,Enugu,Enugu - Independence Layout,Emeka Garba,Retail,P037,Study Desk,Furniture,2,64000,0,Card
NM-01699,2025-10-10,Lagos,Lagos - Surulere,Dayo Suleiman,Online,P005,Oraimo Power Bank 20000mAh,Accessories,6,21000,10,Transfer
NM-01700,2025-10-10,Ibadan,Ibadan - Bodija,Tunde Adebayo,Online,P011,Wireless Mouse,Accessories,10,9500,0,Card
NM-01701,2025-10-10,Kano,Kano - Sabon Gari,Hauwa Danjuma,Retail,P001,Tecno Spark 20,Phones,1,145000,0,Transfer
NM-01702,2025-10-10,Lagos,Lagos - Ikeja,Tolu Eze,Wholesale,P030,Sugar 1kg (x10),Groceries,55,15000,10,POS
NM-01703,2025-10-11,Lagos,Lagos - Lekki,Uche Uzor,Retail,P039,Printer Paper A4 (Box),Office,8,24500,10,Cash
NM-01704,2025-10-11,Lagos,Lagos - Lekki,Ifeanyi Adebayo,Retail,P005,Oraimo Power Bank 20000mAh,Accessories,2,21000,5,POS
NM-01705,2025-10-11,Port Harcourt,Port Harcourt - GRA,Segun Chukwu,Retail,P024,Rice 50kg (Local),Groceries,12,78000,10,Cash
NM-01706,2025-10-11,Lagos,Lagos - Ikeja,Chioma Onyeka,Online,P007,Phone Charger (Fast),Accessories,6,7500,0,POS
NM-01707,2025-10-11,Port Harcourt,Port Harcourt - GRA,Ibrahim Danjuma,Online,P040,HP Ink Cartridge 305,Office,10,14500,10,Transfer
NM-01708,2025-10-11,Lagos,Lagos - Lekki,Ifeanyi Adebayo,Retail,P025,Vegetable Oil 5L,Groceries,1,17500,0,POS
NM-01709,2025-10-11,Enugu,Enugu - Independence Layout,Emeka Garba,Wholesale,P030,Sugar 1kg (x10),Groceries,24,15000,15,Transfer
NM-01710,2025-10-11,Ibadan,Ibadan - Bodija,Tolu Bello,Retail,P001,Tecno Spark 20,Phones,3,145000,0,Transfer
NM-01711,2025-10-11,Abuja,Abuja - Garki,Femi Suleiman,Retail,P028,Peak Milk Tin (24),Groceries,10,16500,0,Cash
NM-01712,2025-10-11,Abuja,Abuja - Wuse,Bola Musa,Retail,P027,Milo 1kg Refill,Groceries,1,9200,0,Transfer
NM-01713,2025-10-11,Port Harcourt,Port Harcourt - GRA,Ibrahim Danjuma,Retail,P025,Vegetable Oil 5L,Groceries,11,17500,5,Cash
NM-01714,2025-10-11,Lagos,Lagos - Surulere,Adaeze Garba,Retail,P005,Oraimo Power Bank 20000mAh,Accessories,3,21000,0,POS
NM-01715,2025-10-12,Abuja,Abuja - Wuse,Bola Musa,Online,P034,Sneakers (Unisex),Fashion,3,26000,0,Transfer
NM-01716,2025-10-12,Abuja,Abuja - Wuse,Bola Musa,Retail,P040,HP Ink Cartridge 305,Office,11,14500,10,Transfer
NM-01717,2025-10-12,Lagos,Lagos - Ikeja,Tolu Eze,Online,P017,Binatone Blender,Appliances,2,29500,0,Transfer
NM-01718,2025-10-12,Enugu,Enugu - Independence Layout,Zainab Obi,Online,P002,Infinix Hot 40,Phones,2,162000,0,Cash
NM-01719,2025-10-13,Abuja,Abuja - Wuse,Tunde Eze,Online,P036,Office Chair,Furniture,3,79000,0,Transfer
NM-01720,2025-10-13,Abuja,Abuja - Garki,Zainab Eze,Retail,P040,HP Ink Cartridge 305,Office,11,14500,10,Transfer
NM-01721,2025-10-13,Abuja,Abuja - Wuse,Bola Musa,Online,P011,Wireless Mouse,Accessories,7,9500,0,Transfer
NM-01722,2025-10-13,Ibadan,Ibadan - Bodija,Bisi Olawale,Retail,P024,Rice 50kg (Local),Groceries,7,78000,0,Transfer
NM-01723,2025-10-13,Kano,Kano - Sabon Gari,Bisi Onyeka,Retail,P019,"Standing Fan 18""",Appliances,10,38500,0,Cash
NM-01724,2025-10-13,Ibadan,Ibadan - Bodija,Tunde Adebayo,Retail,P029,Semovita 10kg,Groceries,1,11800,5,Cash
NM-01725,2025-10-13,Lagos,Lagos - Lekki,Uche Uzor,Retail,P029,Semovita 10kg,Groceries,8,11800,0,Cash
NM-01726,2025-10-14,Abuja,Abuja - Wuse,Tunde Eze,Retail,P007,Phone Charger (Fast),Accessories,3,7500,0,Transfer
NM-01727,2025-10-14,Port Harcourt,Port Harcourt - GRA,Segun Chukwu,Retail,P021,Solar Generator 1kVA,Power,1,475000,10,Transfer
NM-01728,2025-10-14,Abuja,Abuja - Wuse,Bola Musa,Retail,P027,Milo 1kg Refill,Groceries,11,9200,5,POS
NM-01729,2025-10-14,Ibadan,Ibadan - Bodija,Bisi Olawale,Retail,P014,JBL Flip 6 Speaker,TV & Audio,2,129000,0,Transfer
NM-01730,2025-10-14,Kano,Kano - Sabon Gari,Bisi Onyeka,Online,P033,Women's Ankara Dress,Fashion,7,31000,0,Transfer
NM-01731,2025-10-15,Lagos,Lagos - Lekki,Uche Uzor,Retail,P031,Ankara Fabric (6 yards),Fashion,9,18500,0,Card
NM-01732,2025-10-15,Lagos,Lagos - Ikeja,Tolu Eze,Retail,P005,Oraimo Power Bank 20000mAh,Accessories,8,21000,0,Transfer
NM-01733,2025-10-15,Lagos,Lagos - Surulere,Dayo Suleiman,Retail,P011,Wireless Mouse,Accessories,6,9500,5,Card
NM-01734,2025-10-15,Lagos,Lagos - Lekki,Uche Uzor,Online,P002,Infinix Hot 40,Phones,1,162000,0,Transfer
NM-01735,2025-10-15,Lagos,Lagos - Ikeja,Chioma Onyeka,Wholesale,P003,Samsung Galaxy A15,Phones,15,205000,10,Transfer
NM-01736,2025-10-15,Abuja,Abuja - Garki,Femi Suleiman,Retail,P016,Thermocool Freezer 200L,Appliances,3,318000,0,POS
NM-01737,2025-10-15,Lagos,Lagos - Surulere,Dayo Suleiman,Retail,P007,Phone Charger (Fast),Accessories,5,7500,0,Transfer
NM-01738,2025-10-16,Abuja,Abuja - Garki,Femi Suleiman,Wholesale,P026,Indomie Carton (40),Groceries,9,13500,15,Cash
NM-01739,2025-10-16,Port Harcourt,Port Harcourt - GRA,Nneka Olawale,Online,P030,Sugar 1kg (x10),Groceries,2,15000,0,Transfer
NM-01740,2025-10-16,Lagos,Lagos - Lekki,Uche Musa,Online,P008,HP 250 G9 Laptop,Computers,1,585000,0,Transfer
NM-01741,2025-10-16,Kano,Kano - Sabon Gari,Bisi Onyeka,Wholesale,P026,Indomie Carton (40),Groceries,88,13500,10,Transfer
NM-01742,2025-10-16,Lagos,Lagos - Lekki,Uche Musa,Retail,P023,Surge Protector,Power,3,12500,0,Cash
NM-01743,2025-10-16,Enugu,Enugu - Independence Layout,Dayo Abubakar,Retail,P017,Binatone Blender,Appliances,9,29500,0,Transfer
NM-01744,2025-10-17,Lagos,Lagos - Ikeja,Chioma Onyeka,Wholesale,P028,Peak Milk Tin (24),Groceries,32,16500,15,Transfer
NM-01745,2025-10-17,Lagos,Lagos - Ikeja,Ngozi Olawale,Online,P024,Rice 50kg (Local),Groceries,7,78000,0,Transfer
NM-01746,2025-10-17,Abuja,Abuja - Wuse,Tunde Eze,Retail,P025,Vegetable Oil 5L,Groceries,11,17500,0,POS
NM-01747,2025-10-17,Lagos,Lagos - Surulere,Dayo Suleiman,Online,P006,Oraimo FreePods 4,Accessories,4,25500,5,Transfer
NM-01748,2025-10-17,Lagos,Lagos - Ikeja,Tolu Eze,Online,P003,Samsung Galaxy A15,Phones,3,205000,10,Cash
NM-01749,2025-10-17,Abuja,Abuja - Wuse,Tunde Eze,Retail,P027,Milo 1kg Refill,Groceries,2,9200,0,POS
NM-01750,2025-10-17,Abuja,Abuja - Wuse,Bola Musa,Retail,P007,Phone Charger (Fast),Accessories,11,7500,0,POS
NM-01751,2025-10-18,Abuja,Abuja - Wuse,Tunde Eze,Retail,P017,Binatone Blender,Appliances,12,29500,5,Cash
NM-01752,2025-10-18,Lagos,Lagos - Surulere,Kelechi Garba,Retail,P031,Ankara Fabric (6 yards),Fashion,2,18500,0,POS
NM-01753,2025-10-18,Lagos,Lagos - Lekki,Ifeanyi Adebayo,Retail,P030,Sugar 1kg (x10),Groceries,10,15000,10,Transfer
NM-01754,2025-10-18,Port Harcourt,Port Harcourt - GRA,Segun Chukwu,Online,P029,Semovita 10kg,Groceries,3,11800,0,POS
NM-01755,2025-10-18,Kano,Kano - Sabon Gari,Hauwa Danjuma,Retail,P030,Sugar 1kg (x10),Groceries,7,15000,5,Card
NM-01756,2025-10-18,Port Harcourt,Port Harcourt - GRA,Nneka Olawale,Retail,P033,Women's Ankara Dress,Fashion,12,31000,15,Cash
NM-01757,2025-10-18,Lagos,Lagos - Lekki,Uche Musa,Online,P023,Surge Protector,Power,2,12500,0,Transfer
NM-01758,2025-10-18,Kano,Kano - Sabon Gari,Bisi Onyeka,Online,P028,Peak Milk Tin (24),Groceries,4,16500,5,Transfer
NM-01759,2025-10-18,Abuja,Abuja - Wuse,Chidi Uzor,Retail,P001,Tecno Spark 20,Phones,2,145000,10,POS
NM-01760,2025-10-18,Abuja,Abuja - Wuse,Bola Musa,Retail,P026,Indomie Carton (40),Groceries,3,13500,5,Card
NM-01761,2025-10-19,Abuja,Abuja - Wuse,Chidi Uzor,Retail,P022,Inverter Battery 200Ah,Power,1,355000,5,POS
NM-01762,2025-10-19,Ibadan,Ibadan - Bodija,Tolu Bello,Retail,P025,Vegetable Oil 5L,Groceries,3,17500,0,Card
NM-01763,2025-10-19,Kano,Kano - Sabon Gari,Bisi Onyeka,Retail,P033,Women's Ankara Dress,Fashion,5,31000,0,POS
NM-01764,2025-10-19,Kano,Kano - Sabon Gari,Maryam Chukwu,Wholesale,P037,Study Desk,Furniture,32,64000,10,Transfer
NM-01765,2025-10-19,Ibadan,Ibadan - Bodija,Bisi Olawale,Online,P025,Vegetable Oil 5L,Groceries,4,17500,5,Transfer
NM-01766,2025-10-19,Lagos,Lagos - Surulere,Dayo Suleiman,Retail,P014,JBL Flip 6 Speaker,TV & Audio,3,129000,0,POS
NM-01767,2025-10-20,Abuja,Abuja - Garki,Zainab Eze,Retail,P026,Indomie Carton (40),Groceries,4,13500,10,Transfer
NM-01768,2025-10-20,Lagos,Lagos - Ikeja,Chioma Onyeka,Online,P030,Sugar 1kg (x10),Groceries,4,15000,0,Transfer
NM-01769,2025-10-20,Kano,Kano - Sabon Gari,Hauwa Danjuma,Retail,P006,Oraimo FreePods 4,Accessories,8,25500,10,POS
NM-01770,2025-10-20,Abuja,Abuja - Garki,Zainab Eze,Retail,P037,Study Desk,Furniture,10,64000,0,Transfer
NM-01771,2025-10-20,Abuja,Abuja - Garki,Femi Suleiman,Retail,P007,Phone Charger (Fast),Accessories,5,7500,10,Cash
NM-01772,2025-10-20,Enugu,Enugu - Independence Layout,Emeka Garba,Retail,P017,Binatone Blender,Appliances,4,29500,0,Transfer
NM-01773,2025-10-20,Abuja,Abuja - Wuse,Chidi Uzor,Online,P030,Sugar 1kg (x10),Groceries,4,15000,0,POS
NM-01774,2025-10-20,Lagos,Lagos - Lekki,Ifeanyi Adebayo,Retail,P006,Oraimo FreePods 4,Accessories,7,25500,5,Cash
NM-01775,2025-10-20,Kano,Kano - Sabon Gari,Bisi Onyeka,Retail,P028,Peak Milk Tin (24),Groceries,7,16500,15,Cash
NM-01776,2025-10-20,Ibadan,Ibadan - Bodija,Tolu Bello,Online,P024,Rice 50kg (Local),Groceries,10,78000,5,Transfer
NM-01777,2025-10-20,Lagos,Lagos - Ikeja,Ngozi Olawale,Online,P024,Rice 50kg (Local),Groceries,12,78000,0,Transfer
NM-01778,2025-10-21,Lagos,Lagos - Lekki,Uche Musa,Retail,P001,Tecno Spark 20,Phones,3,145000,0,Transfer
NM-01779,2025-10-21,Lagos,Lagos - Surulere,Dayo Suleiman,Online,P029,Semovita 10kg,Groceries,1,11800,15,Transfer
NM-01780,2025-10-21,Abuja,Abuja - Garki,Femi Suleiman,Retail,P032,Men's Senator Wear,Fashion,6,35000,0,Transfer
NM-01781,2025-10-21,Lagos,Lagos - Lekki,Uche Uzor,Retail,P025,Vegetable Oil 5L,Groceries,1,17500,5,Transfer
NM-01782,2025-10-21,Port Harcourt,Port Harcourt - GRA,Nneka Olawale,Retail,P013,"Hisense 55"" 4K TV",TV & Audio,2,499000,5,Cash
NM-01783,2025-10-21,Lagos,Lagos - Ikeja,Tolu Eze,Retail,P001,Tecno Spark 20,Phones,1,145000,5,Transfer
NM-01784,2025-10-22,Abuja,Abuja - Wuse,Bola Musa,Retail,P023,Surge Protector,Power,1,12500,0,Transfer
NM-01785,2025-10-22,Lagos,Lagos - Ikeja,Tolu Eze,Retail,P006,Oraimo FreePods 4,Accessories,8,25500,5,Cash
NM-01786,2025-10-22,Lagos,Lagos - Ikeja,Ngozi Olawale,Retail,P011,Wireless Mouse,Accessories,7,9500,0,Card
NM-01787,2025-10-22,Lagos,Lagos - Ikeja,Tolu Eze,Wholesale,P010,Dell Inspiron 15,Computers,24,649000,15,Transfer
NM-01788,2025-10-22,Lagos,Lagos - Ikeja,Tolu Eze,Retail,P030,Sugar 1kg (x10),Groceries,7,15000,0,POS
NM-01789,2025-10-22,Enugu,Enugu - Independence Layout,Emeka Garba,Retail,P020,Microwave Oven 20L,Appliances,4,86000,0,POS
NM-01790,2025-10-22,Lagos,Lagos - Lekki,Ifeanyi Adebayo,Retail,P005,Oraimo Power Bank 20000mAh,Accessories,8,21000,0,Cash
NM-01791,2025-10-22,Lagos,Lagos - Lekki,Ifeanyi Adebayo,Retail,P028,Peak Milk Tin (24),Groceries,5,16500,0,Cash
NM-01792,2025-10-22,Abuja,Abuja - Wuse,Tunde Eze,Retail,P011,Wireless Mouse,Accessories,5,9500,10,Cash
NM-01793,2025-10-23,Lagos,Lagos - Ikeja,Ngozi Olawale,Retail,P027,Milo 1kg Refill,Groceries,6,9200,5,Transfer
NM-01794,2025-10-23,Lagos,Lagos - Lekki,Uche Musa,Retail,P032,Men's Senator Wear,Fashion,4,35000,0,Transfer
NM-01795,2025-10-23,Lagos,Lagos - Ikeja,Chioma Onyeka,Retail,P027,Milo 1kg Refill,Groceries,2,9200,0,Card
NM-01796,2025-10-23,Enugu,Enugu - Independence Layout,Dayo Abubakar,Retail,P024,Rice 50kg (Local),Groceries,11,78000,5,POS
NM-01797,2025-10-23,Lagos,Lagos - Ikeja,Chioma Onyeka,Retail,P024,Rice 50kg (Local),Groceries,9,78000,0,Transfer
NM-01798,2025-10-23,Abuja,Abuja - Garki,Femi Suleiman,Wholesale,P027,Milo 1kg Refill,Groceries,80,9200,15,Transfer
NM-01799,2025-10-23,Abuja,Abuja - Wuse,Bola Musa,Retail,P032,Men's Senator Wear,Fashion,3,35000,0,Cash
NM-01800,2025-10-23,Lagos,Lagos - Lekki,Uche Uzor,Online,P033,Women's Ankara Dress,Fashion,1,31000,5,Transfer
NM-01801,2025-10-23,Abuja,Abuja - Wuse,Tunde Eze,Retail,P031,Ankara Fabric (6 yards),Fashion,12,18500,0,Transfer
NM-01802,2025-10-24,Lagos,Lagos - Ikeja,Chioma Onyeka,Retail,P021,Solar Generator 1kVA,Power,1,475000,0,POS
NM-01803,2025-10-24,Enugu,Enugu - Independence Layout,Dayo Abubakar,Retail,P040,HP Ink Cartridge 305,Office,1,14500,0,Cash
NM-01804,2025-10-24,Lagos,Lagos - Surulere,Adaeze Garba,Retail,P031,Ankara Fabric (6 yards),Fashion,11,18500,0,Transfer
NM-01805,2025-10-24,Lagos,Lagos - Lekki,Uche Musa,Wholesale,P034,Sneakers (Unisex),Fashion,24,26000,10,Transfer
NM-01806,2025-10-24,Ibadan,Ibadan - Bodija,Tolu Bello,Wholesale,P040,HP Ink Cartridge 305,Office,77,14500,15,Transfer
NM-01807,2025-10-24,Port Harcourt,Port Harcourt - GRA,Segun Chukwu,Retail,P005,Oraimo Power Bank 20000mAh,Accessories,8,21000,0,Transfer
NM-01808,2025-10-24,Port Harcourt,Port Harcourt - GRA,Ibrahim Danjuma,Retail,P027,Milo 1kg Refill,Groceries,3,9200,0,Transfer
NM-01809,2025-10-24,Abuja,Abuja - Wuse,Chidi Uzor,Wholesale,P011,Wireless Mouse,Accessories,30,9500,15,Card
NM-01810,2025-10-24,Abuja,Abuja - Garki,Zainab Eze,Retail,P025,Vegetable Oil 5L,Groceries,2,17500,5,Cash
NM-01811,2025-10-24,Abuja,Abuja - Wuse,Tunde Eze,Online,P009,Lenovo IdeaPad 3,Computers,1,560000,0,Cash
NM-01812,2025-10-25,Lagos,Lagos - Ikeja,Ngozi Olawale,Wholesale,P018,Scanfrost Gas Cooker,Appliances,5,229000,10,Transfer
NM-01813,2025-10-25,Lagos,Lagos - Ikeja,Chioma Onyeka,Retail,P003,Samsung Galaxy A15,Phones,3,205000,10,Transfer
NM-01814,2025-10-25,Ibadan,Ibadan - Bodija,Tunde Adebayo,Wholesale,P032,Men's Senator Wear,Fashion,72,35000,15,POS
NM-01815,2025-10-25,Lagos,Lagos - Lekki,Uche Uzor,Wholesale,P019,"Standing Fan 18""",Appliances,12,38500,10,Cash
NM-01816,2025-10-26,Lagos,Lagos - Surulere,Dayo Suleiman,Online,P040,HP Ink Cartridge 305,Office,12,14500,10,Transfer
NM-01817,2025-10-26,Lagos,Lagos - Ikeja,Ngozi Olawale,Wholesale,P029,Semovita 10kg,Groceries,48,11800,15,Cash
NM-01818,2025-10-26,Abuja,Abuja - Garki,Bola Okafor,Online,P001,Tecno Spark 20,Phones,3,145000,0,Transfer
NM-01819,2025-10-26,Abuja,Abuja - Wuse,Bola Musa,Online,P017,Binatone Blender,Appliances,9,29500,0,Cash
NM-01820,2025-10-27,Abuja,Abuja - Wuse,Bola Musa,Retail,P019,"Standing Fan 18""",Appliances,6,38500,5,Transfer
NM-01821,2025-10-27,Lagos,Lagos - Lekki,Uche Uzor,Online,P027,Milo 1kg Refill,Groceries,10,9200,10,Transfer
NM-01822,2025-10-27,Abuja,Abuja - Wuse,Bola Musa,Online,P035,School Bag,Fashion,1,12500,0,Transfer
NM-01823,2025-10-27,Ibadan,Ibadan - Bodija,Tolu Bello,Wholesale,P019,"Standing Fan 18""",Appliances,33,38500,15,Transfer
NM-01824,2025-10-27,Lagos,Lagos - Lekki,Uche Uzor,Online,P027,Milo 1kg Refill,Groceries,12,9200,5,POS
NM-01825,2025-10-27,Lagos,Lagos - Surulere,Kelechi Garba,Online,P027,Milo 1kg Refill,Groceries,7,9200,5,Transfer
NM-01826,2025-10-27,Lagos,Lagos - Surulere,Kelechi Garba,Retail,P019,"Standing Fan 18""",Appliances,11,38500,5,POS
NM-01827,2025-10-27,Lagos,Lagos - Surulere,Kelechi Garba,Retail,P017,Binatone Blender,Appliances,4,29500,0,POS
NM-01828,2025-10-27,Port Harcourt,Port Harcourt - GRA,Segun Chukwu,Retail,P040,HP Ink Cartridge 305,Office,6,14500,15,Transfer
NM-01829,2025-10-27,Abuja,Abuja - Wuse,Tunde Eze,Retail,P002,Infinix Hot 40,Phones,1,162000,10,Transfer
NM-01830,2025-10-27,Abuja,Abuja - Wuse,Tunde Eze,Wholesale,P024,Rice 50kg (Local),Groceries,24,78000,15,Cash
NM-01831,2025-10-27,Port Harcourt,Port Harcourt - GRA,Nneka Olawale,Wholesale,P026,Indomie Carton (40),Groceries,96,13500,15,Card
NM-01832,2025-10-28,Abuja,Abuja - Wuse,Chidi Uzor,Online,P024,Rice 50kg (Local),Groceries,5,78000,0,Transfer
NM-01833,2025-10-28,Ibadan,Ibadan - Bodija,Tolu Bello,Retail,P001,Tecno Spark 20,Phones,1,145000,0,Card
NM-01834,2025-10-28,Lagos,Lagos - Lekki,Uche Uzor,Retail,P011,Wireless Mouse,Accessories,12,9500,0,Card
NM-01835,2025-10-28,Port Harcourt,Port Harcourt - GRA,Nneka Olawale,Retail,P007,Phone Charger (Fast),Accessories,12,7500,10,POS
NM-01836,2025-10-28,Ibadan,Ibadan - Bodija,Bisi Olawale,Online,P033,Women's Ankara Dress,Fashion,9,31000,0,Transfer
NM-01837,2025-10-28,Lagos,Lagos - Ikeja,Chioma Onyeka,Online,P017,Binatone Blender,Appliances,3,29500,0,Transfer
NM-01838,2025-10-29,Abuja,Abuja - Wuse,Tunde Eze,Wholesale,P028,Peak Milk Tin (24),Groceries,77,16500,10,Transfer
NM-01839,2025-10-29,Abuja,Abuja - Garki,Zainab Eze,Retail,P023,Surge Protector,Power,2,12500,0,Transfer
NM-01840,2025-10-29,Lagos,Lagos - Lekki,Ifeanyi Adebayo,Retail,P031,Ankara Fabric (6 yards),Fashion,11,18500,0,POS
NM-01841,2025-10-29,Abuja,Abuja - Wuse,Tunde Eze,Wholesale,P011,Wireless Mouse,Accessories,42,9500,15,POS
NM-01842,2025-10-29,Lagos,Lagos - Ikeja,Chioma Onyeka,Retail,P005,Oraimo Power Bank 20000mAh,Accessories,6,21000,0,Transfer
NM-01843,2025-10-29,Enugu,Enugu - Independence Layout,Zainab Obi,Retail,P035,School Bag,Fashion,10,12500,0,Transfer
NM-01844,2025-10-30,Port Harcourt,Port Harcourt - GRA,Nneka Olawale,Retail,P032,Men's Senator Wear,Fashion,12,35000,5,Transfer
NM-01845,2025-10-30,Lagos,Lagos - Lekki,Ifeanyi Adebayo,Retail,P025,Vegetable Oil 5L,Groceries,2,17500,0,Card
NM-01846,2025-10-30,Lagos,Lagos - Surulere,Dayo Suleiman,Retail,P002,Infinix Hot 40,Phones,2,162000,0,Cash
NM-01847,2025-10-30,Lagos,Lagos - Surulere,Dayo Suleiman,Online,P005,Oraimo Power Bank 20000mAh,Accessories,4,21000,0,Transfer
NM-01848,2025-10-30,Lagos,Lagos - Ikeja,Ngozi Olawale,Online,P027,Milo 1kg Refill,Groceries,12,9200,0,Transfer
NM-01849,2025-10-30,Ibadan,Ibadan - Bodija,Bisi Olawale,Retail,P035,School Bag,Fashion,1,12500,0,POS
NM-01850,2025-10-30,Lagos,Lagos - Lekki,Uche Uzor,Online,P017,Binatone Blender,Appliances,2,29500,0,Cash
NM-01851,2025-10-30,Enugu,Enugu - Independence Layout,Dayo Abubakar,Wholesale,P001,Tecno Spark 20,Phones,12,145000,10,Card
NM-01852,2025-10-31,Lagos,Lagos - Ikeja,Chioma Onyeka,Wholesale,P030,Sugar 1kg (x10),Groceries,36,15000,10,Card
NM-01853,2025-10-31,Ibadan,Ibadan - Bodija,Tolu Bello,Online,P006,Oraimo FreePods 4,Accessories,4,25500,0,Transfer
NM-01854,2025-10-31,Lagos,Lagos - Ikeja,Tolu Eze,Retail,P026,Indomie Carton (40),Groceries,12,13500,0,POS
NM-01855,2025-10-31,Abuja,Abuja - Wuse,Chidi Uzor,Wholesale,P019,"Standing Fan 18""",Appliances,35,38500,15,Cash
NM-01856,2025-10-31,Kano,Kano - Sabon Gari,Hauwa Danjuma,Retail,P010,Dell Inspiron 15,Computers,2,649000,5,Card
NM-01857,2025-10-31,Enugu,Enugu - Independence Layout,Emeka Garba,Retail,P039,Printer Paper A4 (Box),Office,1,24500,5,Card
NM-01858,2025-10-31,Abuja,Abuja - Wuse,Tunde Eze,Retail,P024,Rice 50kg (Local),Groceries,7,78000,0,POS
NM-01859,2025-10-31,Abuja,Abuja - Garki,Zainab Eze,Online,P002,Infinix Hot 40,Phones,2,162000,0,Cash
NM-01860,2025-10-31,Lagos,Lagos - Lekki,Ifeanyi Adebayo,Online,P033,Women's Ankara Dress,Fashion,1,31000,0,Transfer
NM-01861,2025-11-01,Lagos,Lagos - Ikeja,Ngozi Olawale,Online,P033,Women's Ankara Dress,Fashion,5,31000,0,Transfer
NM-01862,2025-11-01,Kano,Kano - Sabon Gari,Bisi Onyeka,Online,P025,Vegetable Oil 5L,Groceries,2,17500,0,Transfer
NM-01863,2025-11-01,Enugu,Enugu - Independence Layout,Emeka Garba,Wholesale,P006,Oraimo FreePods 4,Accessories,30,25500,10,Cash
NM-01864,2025-11-01,Ibadan,Ibadan - Bodija,Tunde Adebayo,Wholesale,P005,Oraimo Power Bank 20000mAh,Accessories,5,21000,10,Card
NM-01865,2025-11-01,Port Harcourt,Port Harcourt - GRA,Segun Chukwu,Wholesale,P025,Vegetable Oil 5L,Groceries,56,17500,10,Cash
NM-01866,2025-11-01,Lagos,Lagos - Lekki,Uche Musa,Online,P020,Microwave Oven 20L,Appliances,3,86000,0,Transfer
NM-01867,2025-11-02,Abuja,Abuja - Wuse,Bola Musa,Retail,P023,Surge Protector,Power,3,12500,0,Transfer
NM-01868,2025-11-02,Port Harcourt,Port Harcourt - GRA,Ibrahim Danjuma,Retail,P028,Peak Milk Tin (24),Groceries,11,16500,0,POS
NM-01869,2025-11-02,Ibadan,Ibadan - Bodija,Tolu Bello,Retail,P022,Inverter Battery 200Ah,Power,2,355000,5,Transfer
NM-01870,2025-11-03,Ibadan,Ibadan - Bodija,Tunde Adebayo,Online,P007,Phone Charger (Fast),Accessories,10,7500,10,Transfer
NM-01871,2025-11-03,Ibadan,Ibadan - Bodija,Tunde Adebayo,Online,P039,Printer Paper A4 (Box),Office,9,24500,0,Cash
NM-01872,2025-11-03,Lagos,Lagos - Surulere,Dayo Suleiman,Retail,P011,Wireless Mouse,Accessories,1,9500,0,Transfer
NM-01873,2025-11-03,Ibadan,Ibadan - Bodija,Tolu Bello,Wholesale,P007,Phone Charger (Fast),Accessories,12,7500,15,POS
NM-01874,2025-11-03,Enugu,Enugu - Independence Layout,Emeka Garba,Wholesale,P028,Peak Milk Tin (24),Groceries,21,16500,15,Cash
NM-01875,2025-11-03,Lagos,Lagos - Ikeja,Ngozi Olawale,Retail,P020,Microwave Oven 20L,Appliances,10,86000,0,POS
NM-01876,2025-11-03,Abuja,Abuja - Wuse,Tunde Eze,Retail,P023,Surge Protector,Power,2,12500,0,Transfer
NM-01877,2025-11-03,Lagos,Lagos - Lekki,Uche Musa,Online,P031,Ankara Fabric (6 yards),Fashion,5,18500,0,POS
NM-01878,2025-11-03,Port Harcourt,Port Harcourt - GRA,Segun Chukwu,Retail,P026,Indomie Carton (40),Groceries,9,13500,5,Transfer
NM-01879,2025-11-03,Lagos,Lagos - Lekki,Uche Musa,Retail,P038,Mattress 6x6,Furniture,2,178000,5,Card
NM-01880,2025-11-03,Lagos,Lagos - Lekki,Uche Uzor,Retail,P039,Printer Paper A4 (Box),Office,9,24500,5,Transfer
NM-01881,2025-11-03,Kano,Kano - Sabon Gari,Hauwa Danjuma,Wholesale,P006,Oraimo FreePods 4,Accessories,42,25500,10,Transfer
NM-01882,2025-11-03,Lagos,Lagos - Ikeja,Tolu Eze,Retail,P006,Oraimo FreePods 4,Accessories,9,25500,10,Card
NM-01883,2025-11-04,Abuja,Abuja - Wuse,Tunde Eze,Online,P014,JBL Flip 6 Speaker,TV & Audio,2,129000,10,Transfer
NM-01884,2025-11-04,Lagos,Lagos - Lekki,Uche Uzor,Retail,P007,Phone Charger (Fast),Accessories,11,7500,5,Cash
NM-01885,2025-11-04,Lagos,Lagos - Lekki,Uche Musa,Retail,P007,Phone Charger (Fast),Accessories,7,7500,15,POS
NM-01886,2025-11-04,Lagos,Lagos - Surulere,Adaeze Garba,Wholesale,P032,Men's Senator Wear,Fashion,12,35000,15,POS
NM-01887,2025-11-04,Lagos,Lagos - Ikeja,Chioma Onyeka,Online,P039,Printer Paper A4 (Box),Office,10,24500,0,POS
NM-01888,2025-11-04,Lagos,Lagos - Lekki,Ifeanyi Adebayo,Wholesale,P001,Tecno Spark 20,Phones,14,145000,15,POS
NM-01889,2025-11-04,Ibadan,Ibadan - Bodija,Bisi Olawale,Retail,P011,Wireless Mouse,Accessories,9,9500,0,Transfer
NM-01890,2025-11-04,Lagos,Lagos - Ikeja,Tolu Eze,Retail,P035,School Bag,Fashion,7,12500,15,POS
NM-01891,2025-11-04,Lagos,Lagos - Lekki,Uche Uzor,Retail,P006,Oraimo FreePods 4,Accessories,8,25500,5,POS
NM-01892,2025-11-04,Abuja,Abuja - Wuse,Bola Musa,Online,P017,Binatone Blender,Appliances,1,29500,0,Cash
NM-01893,2025-11-05,Abuja,Abuja - Garki,Zainab Eze,Online,P028,Peak Milk Tin (24),Groceries,1,16500,5,Transfer
NM-01894,2025-11-05,Abuja,Abuja - Wuse,Tunde Eze,Online,P030,Sugar 1kg (x10),Groceries,10,15000,10,Transfer
NM-01895,2025-11-05,Lagos,Lagos - Surulere,Dayo Suleiman,Online,P005,Oraimo Power Bank 20000mAh,Accessories,7,21000,0,Transfer
NM-01896,2025-11-05,Lagos,Lagos - Lekki,Uche Uzor,Online,P001,Tecno Spark 20,Phones,1,145000,0,Transfer
NM-01897,2025-11-05,Lagos,Lagos - Lekki,Ifeanyi Adebayo,Retail,P006,Oraimo FreePods 4,Accessories,1,25500,5,POS
NM-01898,2025-11-05,Lagos,Lagos - Lekki,Uche Uzor,Online,P019,"Standing Fan 18""",Appliances,9,38500,0,Transfer
NM-01899,2025-11-06,Lagos,Lagos - Ikeja,Chioma Onyeka,Retail,P019,"Standing Fan 18""",Appliances,5,38500,0,Card
NM-01900,2025-11-06,Lagos,Lagos - Lekki,Ifeanyi Adebayo,Retail,P026,Indomie Carton (40),Groceries,4,13500,0,Transfer
NM-01901,2025-11-06,Kano,Kano - Sabon Gari,Bisi Onyeka,Retail,P024,Rice 50kg (Local),Groceries,7,78000,15,POS
NM-01902,2025-11-07,Kano,Kano - Sabon Gari,Maryam Chukwu,Retail,P025,Vegetable Oil 5L,Groceries,2,17500,10,POS
NM-01903,2025-11-07,Abuja,Abuja - Garki,Zainab Eze,Online,P011,Wireless Mouse,Accessories,10,9500,10,Transfer
NM-01904,2025-11-07,Enugu,Enugu - Independence Layout,Emeka Garba,Retail,P032,Men's Senator Wear,Fashion,11,35000,0,Card
NM-01905,2025-11-07,Abuja,Abuja - Wuse,Tunde Eze,Retail,P005,Oraimo Power Bank 20000mAh,Accessories,4,21000,0,POS
NM-01906,2025-11-07,Port Harcourt,Port Harcourt - GRA,Nneka Olawale,Wholesale,P022,Inverter Battery 200Ah,Power,15,355000,10,POS
NM-01907,2025-11-07,Lagos,Lagos - Ikeja,Chioma Onyeka,Retail,P038,Mattress 6x6,Furniture,2,178000,5,POS
NM-01908,2025-11-07,Kano,Kano - Sabon Gari,Maryam Chukwu,Retail,P040,HP Ink Cartridge 305,Office,6,14500,0,Card
NM-01909,2025-11-07,Kano,Kano - Sabon Gari,Maryam Chukwu,Retail,P005,Oraimo Power Bank 20000mAh,Accessories,12,21000,15,Cash
NM-01910,2025-11-07,Port Harcourt,Port Harcourt - GRA,Nneka Olawale,Retail,P019,"Standing Fan 18""",Appliances,12,38500,10,Card
NM-01911,2025-11-07,Kano,Kano - Sabon Gari,Hauwa Danjuma,Wholesale,P025,Vegetable Oil 5L,Groceries,35,17500,10,POS
NM-01912,2025-11-08,Port Harcourt,Port Harcourt - GRA,Segun Chukwu,Retail,P018,Scanfrost Gas Cooker,Appliances,3,229000,0,Card
NM-01913,2025-11-08,Ibadan,Ibadan - Bodija,Tunde Adebayo,Online,P001,Tecno Spark 20,Phones,3,145000,5,POS
NM-01914,2025-11-08,Lagos,Lagos - Lekki,Ifeanyi Adebayo,Retail,P027,Milo 1kg Refill,Groceries,5,9200,0,Cash
NM-01915,2025-11-09,Enugu,Enugu - Independence Layout,Zainab Obi,Retail,P003,Samsung Galaxy A15,Phones,3,205000,5,Transfer
NM-01916,2025-11-10,Lagos,Lagos - Ikeja,Tolu Eze,Retail,P025,Vegetable Oil 5L,Groceries,6,17500,0,Cash
NM-01917,2025-11-10,Abuja,Abuja - Wuse,Tunde Eze,Retail,P040,HP Ink Cartridge 305,Office,1,14500,0,POS
NM-01918,2025-11-10,Lagos,Lagos - Ikeja,Ngozi Olawale,Retail,P002,Infinix Hot 40,Phones,2,162000,0,Transfer
NM-01919,2025-11-10,Abuja,Abuja - Garki,Zainab Eze,Retail,P030,Sugar 1kg (x10),Groceries,5,15000,0,Transfer
NM-01920,2025-11-10,Enugu,Enugu - Independence Layout,Emeka Garba,Wholesale,P027,Milo 1kg Refill,Groceries,72,9200,15,Transfer
NM-01921,2025-11-10,Abuja,Abuja - Wuse,Bola Musa,Retail,P019,"Standing Fan 18""",Appliances,6,38500,0,POS
NM-01922,2025-11-10,Ibadan,Ibadan - Bodija,Bisi Olawale,Online,P007,Phone Charger (Fast),Accessories,2,7500,0,Transfer
NM-01923,2025-11-11,Kano,Kano - Sabon Gari,Hauwa Danjuma,Wholesale,P011,Wireless Mouse,Accessories,15,9500,15,Transfer
NM-01924,2025-11-11,Lagos,Lagos - Lekki,Uche Musa,Retail,P029,Semovita 10kg,Groceries,11,11800,10,Transfer
NM-01925,2025-11-11,Lagos,Lagos - Ikeja,Tolu Eze,Retail,P034,Sneakers (Unisex),Fashion,8,26000,0,Cash
NM-01926,2025-11-11,Kano,Kano - Sabon Gari,Maryam Chukwu,Retail,P038,Mattress 6x6,Furniture,1,178000,5,Card
NM-01927,2025-11-11,Ibadan,Ibadan - Bodija,Tunde Adebayo,Retail,P040,HP Ink Cartridge 305,Office,2,14500,5,Transfer
NM-01928,2025-11-11,Abuja,Abuja - Garki,Bola Okafor,Retail,P023,Surge Protector,Power,7,12500,0,Cash
NM-01929,2025-11-11,Lagos,Lagos - Lekki,Ifeanyi Adebayo,Retail,P006,Oraimo FreePods 4,Accessories,1,25500,0,POS
NM-01930,2025-11-11,Lagos,Lagos - Ikeja,Chioma Onyeka,Retail,P002,Infinix Hot 40,Phones,1,162000,0,Transfer
NM-01931,2025-11-11,Abuja,Abuja - Garki,Zainab Eze,Retail,P032,Men's Senator Wear,Fashion,7,35000,0,Transfer
NM-01932,2025-11-12,Port Harcourt,Port Harcourt - GRA,Nneka Olawale,Retail,P039,Printer Paper A4 (Box),Office,3,24500,5,Transfer
NM-01933,2025-11-12,Ibadan,Ibadan - Bodija,Tolu Bello,Online,P040,HP Ink Cartridge 305,Office,3,14500,5,Transfer
NM-01934,2025-11-12,Abuja,Abuja - Wuse,Chidi Uzor,Online,P011,Wireless Mouse,Accessories,7,9500,0,Transfer
NM-01935,2025-11-12,Lagos,Lagos - Surulere,Kelechi Garba,Retail,P035,School Bag,Fashion,4,12500,10,Transfer
NM-01936,2025-11-12,Port Harcourt,Port Harcourt - GRA,Ibrahim Danjuma,Retail,P025,Vegetable Oil 5L,Groceries,7,17500,0,POS
NM-01937,2025-11-13,Lagos,Lagos - Ikeja,Chioma Onyeka,Online,P003,Samsung Galaxy A15,Phones,1,205000,0,Transfer
NM-01938,2025-11-13,Kano,Kano - Sabon Gari,Maryam Chukwu,Online,P008,HP 250 G9 Laptop,Computers,2,585000,15,Transfer
NM-01939,2025-11-13,Abuja,Abuja - Garki,Femi Suleiman,Retail,P040,HP Ink Cartridge 305,Office,6,14500,0,POS
NM-01940,2025-11-13,Lagos,Lagos - Lekki,Ifeanyi Adebayo,Wholesale,P011,Wireless Mouse,Accessories,28,9500,15,Transfer
NM-01941,2025-11-14,Lagos,Lagos - Ikeja,Ngozi Olawale,Retail,P026,Indomie Carton (40),Groceries,12,13500,0,Card
NM-01942,2025-11-14,Kano,Kano - Sabon Gari,Bisi Onyeka,Online,P035,School Bag,Fashion,7,12500,5,Cash
NM-01943,2025-11-14,Kano,Kano - Sabon Gari,Bisi Onyeka,Online,P011,Wireless Mouse,Accessories,2,9500,0,Transfer
NM-01944,2025-11-14,Lagos,Lagos - Ikeja,Chioma Onyeka,Wholesale,P040,HP Ink Cartridge 305,Office,9,14500,15,Card
NM-01945,2025-11-14,Lagos,Lagos - Surulere,Adaeze Garba,Retail,P024,Rice 50kg (Local),Groceries,6,78000,15,POS
NM-01946,2025-11-14,Port Harcourt,Port Harcourt - GRA,Nneka Olawale,Retail,P028,Peak Milk Tin (24),Groceries,4,16500,5,Transfer
NM-01947,2025-11-14,Kano,Kano - Sabon Gari,Bisi Onyeka,Online,P028,Peak Milk Tin (24),Groceries,9,16500,0,Transfer
NM-01948,2025-11-14,Lagos,Lagos - Surulere,Kelechi Garba,Retail,P040,HP Ink Cartridge 305,Office,9,14500,10,Cash
NM-01949,2025-11-15,Enugu,Enugu - Independence Layout,Emeka Garba,Retail,P032,Men's Senator Wear,Fashion,2,35000,0,Cash
NM-01950,2025-11-15,Lagos,Lagos - Lekki,Ifeanyi Adebayo,Retail,P027,Milo 1kg Refill,Groceries,2,9200,0,Transfer
NM-01951,2025-11-15,Lagos,Lagos - Lekki,Uche Musa,Retail,P035,School Bag,Fashion,8,12500,0,POS
NM-01952,2025-11-15,Abuja,Abuja - Wuse,Chidi Uzor,Retail,P027,Milo 1kg Refill,Groceries,7,9200,15,Transfer
NM-01953,2025-11-15,Kano,Kano - Sabon Gari,Bisi Onyeka,Retail,P007,Phone Charger (Fast),Accessories,12,7500,0,Cash
NM-01954,2025-11-16,Ibadan,Ibadan - Bodija,Tolu Bello,Retail,P024,Rice 50kg (Local),Groceries,8,78000,10,Transfer
NM-01955,2025-11-16,Enugu,Enugu - Independence Layout,Emeka Garba,Retail,P006,Oraimo FreePods 4,Accessories,8,25500,0,Transfer
NM-01956,2025-11-16,Enugu,Enugu - Independence Layout,Zainab Obi,Online,P030,Sugar 1kg (x10),Groceries,8,15000,0,Cash
NM-01957,2025-11-16,Abuja,Abuja - Wuse,Tunde Eze,Online,P019,"Standing Fan 18""",Appliances,8,38500,15,Transfer
NM-01958,2025-11-17,Ibadan,Ibadan - Bodija,Bisi Olawale,Wholesale,P002,Infinix Hot 40,Phones,5,162000,15,Card
NM-01959,2025-11-17,Port Harcourt,Port Harcourt - GRA,Nneka Olawale,Retail,P026,Indomie Carton (40),Groceries,11,13500,5,Cash
NM-01960,2025-11-18,Enugu,Enugu - Independence Layout,Dayo Abubakar,Retail,P032,Men's Senator Wear,Fashion,10,35000,0,POS
NM-01961,2025-11-18,Abuja,Abuja - Wuse,Bola Musa,Retail,P020,Microwave Oven 20L,Appliances,5,86000,10,POS
NM-01962,2025-11-18,Lagos,Lagos - Ikeja,Tolu Eze,Retail,P017,Binatone Blender,Appliances,12,29500,10,Card
NM-01963,2025-11-18,Enugu,Enugu - Independence Layout,Zainab Obi,Retail,P025,Vegetable Oil 5L,Groceries,10,17500,0,Cash
NM-01964,2025-11-18,Enugu,Enugu - Independence Layout,Dayo Abubakar,Retail,P007,Phone Charger (Fast),Accessories,4,7500,5,Cash
NM-01965,2025-11-18,Abuja,Abuja - Wuse,Chidi Uzor,Retail,P006,Oraimo FreePods 4,Accessories,8,25500,0,Cash
NM-01966,2025-11-18,Lagos,Lagos - Lekki,Uche Uzor,Retail,P006,Oraimo FreePods 4,Accessories,8,25500,5,Cash
NM-01967,2025-11-19,Abuja,Abuja - Wuse,Chidi Uzor,Retail,P020,Microwave Oven 20L,Appliances,4,86000,5,Cash
NM-01968,2025-11-19,Enugu,Enugu - Independence Layout,Emeka Garba,Retail,P007,Phone Charger (Fast),Accessories,11,7500,0,Transfer
NM-01969,2025-11-20,Abuja,Abuja - Wuse,Tunde Eze,Retail,P037,Study Desk,Furniture,3,64000,0,Card
NM-01970,2025-11-20,Kano,Kano - Sabon Gari,Maryam Chukwu,Retail,P027,Milo 1kg Refill,Groceries,11,9200,10,Transfer
NM-01971,2025-11-20,Lagos,Lagos - Ikeja,Ngozi Olawale,Retail,P033,Women's Ankara Dress,Fashion,9,31000,10,Transfer
NM-01972,2025-11-20,Lagos,Lagos - Surulere,Kelechi Garba,Online,P031,Ankara Fabric (6 yards),Fashion,7,18500,10,Transfer
NM-01973,2025-11-20,Port Harcourt,Port Harcourt - GRA,Segun Chukwu,Retail,P003,Samsung Galaxy A15,Phones,2,205000,5,POS
NM-01974,2025-11-20,Abuja,Abuja - Wuse,Bola Musa,Retail,P005,Oraimo Power Bank 20000mAh,Accessories,11,21000,0,Transfer
NM-01975,2025-11-20,Port Harcourt,Port Harcourt - GRA,Nneka Olawale,Retail,P030,Sugar 1kg (x10),Groceries,12,15000,0,Transfer
NM-01976,2025-11-20,Lagos,Lagos - Ikeja,Ngozi Olawale,Online,P030,Sugar 1kg (x10),Groceries,9,15000,0,Card
NM-01977,2025-11-21,Port Harcourt,Port Harcourt - GRA,Segun Chukwu,Retail,P011,Wireless Mouse,Accessories,4,9500,5,POS
NM-01978,2025-11-21,Abuja,Abuja - Wuse,Tunde Eze,Retail,P005,Oraimo Power Bank 20000mAh,Accessories,7,21000,0,Cash
NM-01979,2025-11-21,Ibadan,Ibadan - Bodija,Bisi Olawale,Online,P031,Ankara Fabric (6 yards),Fashion,10,18500,10,POS
NM-01980,2025-11-21,Enugu,Enugu - Independence Layout,Zainab Obi,Retail,P030,Sugar 1kg (x10),Groceries,11,15000,0,POS
NM-01981,2025-11-21,Lagos,Lagos - Lekki,Ifeanyi Adebayo,Retail,P037,Study Desk,Furniture,8,64000,0,Card
NM-01982,2025-11-21,Abuja,Abuja - Garki,Zainab Eze,Retail,P028,Peak Milk Tin (24),Groceries,8,16500,0,POS
NM-01983,2025-11-21,Lagos,Lagos - Lekki,Uche Uzor,Online,P024,Rice 50kg (Local),Groceries,4,78000,0,Transfer
NM-01984,2025-11-21,Lagos,Lagos - Ikeja,Chioma Onyeka,Online,P039,Printer Paper A4 (Box),Office,12,24500,0,Transfer
NM-01985,2025-11-21,Abuja,Abuja - Wuse,Chidi Uzor,Retail,P030,Sugar 1kg (x10),Groceries,8,15000,10,Transfer
NM-01986,2025-11-22,Lagos,Lagos - Surulere,Kelechi Garba,Retail,P014,JBL Flip 6 Speaker,TV & Audio,1,129000,0,Cash
NM-01987,2025-11-22,Lagos,Lagos - Lekki,Ifeanyi Adebayo,Wholesale,P027,Milo 1kg Refill,Groceries,96,9200,10,POS
NM-01988,2025-11-22,Abuja,Abuja - Garki,Femi Suleiman,Retail,P020,Microwave Oven 20L,Appliances,4,86000,0,POS
NM-01989,2025-11-22,Ibadan,Ibadan - Bodija,Tolu Bello,Wholesale,P025,Vegetable Oil 5L,Groceries,42,17500,10,POS
NM-01990,2025-11-22,Lagos,Lagos - Ikeja,Chioma Onyeka,Wholesale,P026,Indomie Carton (40),Groceries,40,13500,15,POS
NM-01991,2025-11-22,Lagos,Lagos - Lekki,Uche Musa,Retail,P003,Samsung Galaxy A15,Phones,2,205000,0,Transfer
NM-01992,2025-11-23,Abuja,Abuja - Garki,Femi Suleiman,Wholesale,P031,Ankara Fabric (6 yards),Fashion,14,18500,10,Cash
NM-01993,2025-11-23,Enugu,Enugu - Independence Layout,Dayo Abubakar,Retail,P023,Surge Protector,Power,10,12500,0,Transfer
NM-01994,2025-11-23,Port Harcourt,Port Harcourt - GRA,Ibrahim Danjuma,Retail,P017,Binatone Blender,Appliances,8,29500,0,POS
NM-01995,2025-11-23,Lagos,Lagos - Ikeja,Tolu Eze,Online,P007,Phone Charger (Fast),Accessories,5,7500,10,Transfer
NM-01996,2025-11-23,Abuja,Abuja - Garki,Femi Suleiman,Retail,P026,Indomie Carton (40),Groceries,8,13500,0,Transfer
NM-01997,2025-11-24,Lagos,Lagos - Ikeja,Tolu Eze,Wholesale,P029,Semovita 10kg,Groceries,84,11800,15,Transfer
NM-01998,2025-11-24,Lagos,Lagos - Surulere,Kelechi Garba,Online,P002,Infinix Hot 40,Phones,2,162000,0,Transfer
NM-01999,2025-11-24,Enugu,Enugu - Independence Layout,Emeka Garba,Retail,P007,Phone Charger (Fast),Accessories,10,7500,15,Transfer
NM-02000,2025-11-24,Kano,Kano - Sabon Gari,Maryam Chukwu,Online,P028,Peak Milk Tin (24),Groceries,3,16500,0,Transfer
NM-02001,2025-11-24,Kano,Kano - Sabon Gari,Hauwa Danjuma,Retail,P038,Mattress 6x6,Furniture,3,178000,0,Cash
NM-02002,2025-11-24,Lagos,Lagos - Lekki,Uche Uzor,Online,P011,Wireless Mouse,Accessories,7,9500,0,Transfer
NM-02003,2025-11-24,Abuja,Abuja - Wuse,Tunde Eze,Wholesale,P002,Infinix Hot 40,Phones,9,162000,15,POS
NM-02004,2025-11-24,Lagos,Lagos - Ikeja,Tolu Eze,Retail,P031,Ankara Fabric (6 yards),Fashion,2,18500,0,Transfer
NM-02005,2025-11-24,Lagos,Lagos - Ikeja,Chioma Onyeka,Wholesale,P040,HP Ink Cartridge 305,Office,25,14500,15,Cash
NM-02006,2025-11-24,Port Harcourt,Port Harcourt - GRA,Ibrahim Danjuma,Retail,P030,Sugar 1kg (x10),Groceries,4,15000,0,Transfer
NM-02007,2025-11-24,Lagos,Lagos - Lekki,Uche Musa,Wholesale,P036,Office Chair,Furniture,4,79000,10,POS
NM-02008,2025-11-24,Lagos,Lagos - Ikeja,Tolu Eze,Retail,P030,Sugar 1kg (x10),Groceries,5,15000,0,Transfer
NM-02009,2025-11-24,Port Harcourt,Port Harcourt - GRA,Ibrahim Danjuma,Online,P005,Oraimo Power Bank 20000mAh,Accessories,6,21000,10,Transfer
NM-02010,2025-11-25,Lagos,Lagos - Ikeja,Tolu Eze,Online,P004,iPhone 13 (Refurbished),Phones,2,640000,15,Transfer
NM-02011,2025-11-25,Port Harcourt,Port Harcourt - GRA,Segun Chukwu,Retail,P007,Phone Charger (Fast),Accessories,6,7500,0,Transfer
NM-02012,2025-11-25,Lagos,Lagos - Lekki,Uche Uzor,Wholesale,P021,Solar Generator 1kVA,Power,14,475000,15,Cash
NM-02013,2025-11-25,Abuja,Abuja - Wuse,Bola Musa,Retail,P028,Peak Milk Tin (24),Groceries,6,16500,15,Cash
NM-02014,2025-11-25,Lagos,Lagos - Surulere,Dayo Suleiman,Online,P019,"Standing Fan 18""",Appliances,1,38500,15,POS
NM-02015,2025-11-25,Abuja,Abuja - Wuse,Chidi Uzor,Online,P025,Vegetable Oil 5L,Groceries,6,17500,0,Transfer
NM-02016,2025-11-25,Enugu,Enugu - Independence Layout,Dayo Abubakar,Online,P035,School Bag,Fashion,10,12500,0,Transfer
NM-02017,2025-11-26,Ibadan,Ibadan - Bodija,Bisi Olawale,Online,P024,Rice 50kg (Local),Groceries,6,78000,10,POS
NM-02018,2025-11-26,Lagos,Lagos - Surulere,Kelechi Garba,Retail,P008,HP 250 G9 Laptop,Computers,1,585000,5,Transfer
NM-02019,2025-11-26,Lagos,Lagos - Ikeja,Tolu Eze,Wholesale,P025,Vegetable Oil 5L,Groceries,35,17500,15,POS
NM-02020,2025-11-26,Lagos,Lagos - Ikeja,Tolu Eze,Retail,P011,Wireless Mouse,Accessories,12,9500,0,Cash
NM-02021,2025-11-26,Lagos,Lagos - Lekki,Ifeanyi Adebayo,Wholesale,P033,Women's Ankara Dress,Fashion,24,31000,10,Transfer
NM-02022,2025-11-26,Port Harcourt,Port Harcourt - GRA,Segun Chukwu,Online,P005,Oraimo Power Bank 20000mAh,Accessories,3,21000,0,Cash
NM-02023,2025-11-26,Lagos,Lagos - Lekki,Ifeanyi Adebayo,Wholesale,P030,Sugar 1kg (x10),Groceries,15,15000,15,POS
NM-02024,2025-11-26,Port Harcourt,Port Harcourt - GRA,Segun Chukwu,Retail,P023,Surge Protector,Power,12,12500,0,Card
NM-02025,2025-11-26,Lagos,Lagos - Ikeja,Tolu Eze,Wholesale,P028,Peak Milk Tin (24),Groceries,18,16500,10,Transfer
NM-02026,2025-11-26,Lagos,Lagos - Surulere,Dayo Suleiman,Retail,P035,School Bag,Fashion,10,12500,10,Cash
NM-02027,2025-11-27,Lagos,Lagos - Ikeja,Chioma Onyeka,Online,P007,Phone Charger (Fast),Accessories,6,7500,0,Card
NM-02028,2025-11-27,Lagos,Lagos - Ikeja,Tolu Eze,Online,P027,Milo 1kg Refill,Groceries,3,9200,10,Transfer
NM-02029,2025-11-27,Kano,Kano - Sabon Gari,Maryam Chukwu,Retail,P029,Semovita 10kg,Groceries,2,11800,5,POS
NM-02030,2025-11-27,Port Harcourt,Port Harcourt - GRA,Nneka Olawale,Wholesale,P028,Peak Milk Tin (24),Groceries,36,16500,15,POS
NM-02031,2025-11-27,Port Harcourt,Port Harcourt - GRA,Ibrahim Danjuma,Retail,P011,Wireless Mouse,Accessories,9,9500,0,Cash
NM-02032,2025-11-27,Ibadan,Ibadan - Bodija,Bisi Olawale,Wholesale,P001,Tecno Spark 20,Phones,12,145000,15,Cash
NM-02033,2025-11-27,Lagos,Lagos - Ikeja,Chioma Onyeka,Retail,P032,Men's Senator Wear,Fashion,4,35000,0,Cash
NM-02034,2025-11-27,Lagos,Lagos - Lekki,Ifeanyi Adebayo,Online,P007,Phone Charger (Fast),Accessories,8,7500,0,Transfer
NM-02035,2025-11-27,Lagos,Lagos - Surulere,Dayo Suleiman,Retail,P028,Peak Milk Tin (24),Groceries,8,16500,0,Transfer
NM-02036,2025-11-27,Abuja,Abuja - Wuse,Chidi Uzor,Wholesale,P032,Men's Senator Wear,Fashion,14,35000,15,Cash
NM-02037,2025-11-27,Kano,Kano - Sabon Gari,Bisi Onyeka,Wholesale,P004,iPhone 13 (Refurbished),Phones,21,640000,10,Cash
NM-02038,2025-11-27,Ibadan,Ibadan - Bodija,Tunde Adebayo,Retail,P024,Rice 50kg (Local),Groceries,8,78000,5,Cash
NM-02039,2025-11-28,Kano,Kano - Sabon Gari,Bisi Onyeka,Retail,P032,Men's Senator Wear,Fashion,12,35000,0,POS
NM-02040,2025-11-28,Lagos,Lagos - Ikeja,Ngozi Olawale,Retail,P014,JBL Flip 6 Speaker,TV & Audio,3,129000,10,Transfer
NM-02041,2025-11-28,Lagos,Lagos - Ikeja,Tolu Eze,Retail,P006,Oraimo FreePods 4,Accessories,1,25500,10,POS
NM-02042,2025-11-28,Lagos,Lagos - Ikeja,Chioma Onyeka,Wholesale,P024,Rice 50kg (Local),Groceries,8,78000,10,POS
NM-02043,2025-11-28,Port Harcourt,Port Harcourt - GRA,Segun Chukwu,Retail,P032,Men's Senator Wear,Fashion,5,35000,0,Transfer
NM-02044,2025-11-28,Abuja,Abuja - Wuse,Chidi Uzor,Online,P007,Phone Charger (Fast),Accessories,5,7500,0,POS
NM-02045,2025-11-28,Ibadan,Ibadan - Bodija,Tolu Bello,Retail,P037,Study Desk,Furniture,4,64000,5,POS
NM-02046,2025-11-28,Abuja,Abuja - Garki,Zainab Eze,Retail,P003,Samsung Galaxy A15,Phones,1,205000,5,Cash
NM-02047,2025-11-28,Lagos,Lagos - Ikeja,Chioma Onyeka,Online,P034,Sneakers (Unisex),Fashion,12,26000,0,Transfer
NM-02048,2025-11-29,Enugu,Enugu - Independence Layout,Zainab Obi,Retail,P030,Sugar 1kg (x10),Groceries,10,15000,0,Cash
NM-02049,2025-11-29,Lagos,Lagos - Ikeja,Chioma Onyeka,Retail,P010,Dell Inspiron 15,Computers,3,649000,0,Card
NM-02050,2025-11-29,Port Harcourt,Port Harcourt - GRA,Nneka Olawale,Retail,P027,Milo 1kg Refill,Groceries,11,9200,0,Transfer
NM-02051,2025-11-29,Lagos,Lagos - Ikeja,Tolu Eze,Retail,P003,Samsung Galaxy A15,Phones,3,205000,10,Transfer
NM-02052,2025-11-29,Abuja,Abuja - Garki,Bola Okafor,Online,P032,Men's Senator Wear,Fashion,2,35000,0,Card
NM-02053,2025-11-29,Port Harcourt,Port Harcourt - GRA,Ibrahim Danjuma,Online,P025,Vegetable Oil 5L,Groceries,4,17500,0,Transfer
NM-02054,2025-11-29,Lagos,Lagos - Lekki,Uche Musa,Online,P007,Phone Charger (Fast),Accessories,1,7500,0,Transfer
NM-02055,2025-11-29,Enugu,Enugu - Independence Layout,Zainab Obi,Retail,P033,Women's Ankara Dress,Fashion,10,31000,0,Cash
NM-02056,2025-11-29,Port Harcourt,Port Harcourt - GRA,Nneka Olawale,Retail,P028,Peak Milk Tin (24),Groceries,10,16500,0,Transfer
NM-02057,2025-11-29,Ibadan,Ibadan - Bodija,Tolu Bello,Online,P014,JBL Flip 6 Speaker,TV & Audio,1,129000,5,Transfer
NM-02058,2025-11-29,Ibadan,Ibadan - Bodija,Tunde Adebayo,Online,P040,HP Ink Cartridge 305,Office,7,14500,0,POS
NM-02059,2025-11-30,Abuja,Abuja - Wuse,Chidi Uzor,Online,P031,Ankara Fabric (6 yards),Fashion,8,18500,0,Transfer
NM-02060,2025-11-30,Lagos,Lagos - Surulere,Kelechi Garba,Wholesale,P030,Sugar 1kg (x10),Groceries,21,15000,15,Transfer
NM-02061,2025-11-30,Enugu,Enugu - Independence Layout,Zainab Obi,Retail,P023,Surge Protector,Power,3,12500,0,Transfer
NM-02062,2025-11-30,Lagos,Lagos - Lekki,Uche Musa,Retail,P011,Wireless Mouse,Accessories,2,9500,10,POS
NM-02063,2025-11-30,Abuja,Abuja - Wuse,Bola Musa,Wholesale,P020,Microwave Oven 20L,Appliances,28,86000,10,Cash
NM-02064,2025-11-30,Lagos,Lagos - Ikeja,Ngozi Olawale,Retail,P030,Sugar 1kg (x10),Groceries,2,15000,0,Cash
NM-02065,2025-11-30,Abuja,Abuja - Garki,Femi Suleiman,Retail,P027,Milo 1kg Refill,Groceries,7,9200,0,Cash
NM-02066,2025-11-30,Lagos,Lagos - Surulere,Adaeze Garba,Retail,P025,Vegetable Oil 5L,Groceries,12,17500,5,Cash
NM-02067,2025-11-30,Port Harcourt,Port Harcourt - GRA,Segun Chukwu,Retail,P024,Rice 50kg (Local),Groceries,3,78000,0,Cash
NM-02068,2025-11-30,Abuja,Abuja - Garki,Bola Okafor,Wholesale,P003,Samsung Galaxy A15,Phones,6,205000,10,POS
NM-02069,2025-11-30,Lagos,Lagos - Lekki,Ifeanyi Adebayo,Retail,P006,Oraimo FreePods 4,Accessories,2,25500,0,Cash
NM-02070,2025-11-30,Kano,Kano - Sabon Gari,Maryam Chukwu,Online,P019,"Standing Fan 18""",Appliances,7,38500,0,Transfer
NM-02071,2025-12-01,Lagos,Lagos - Ikeja,Ngozi Olawale,Retail,P028,Peak Milk Tin (24),Groceries,3,16500,0,POS
NM-02072,2025-12-01,Lagos,Lagos - Lekki,Uche Musa,Retail,P026,Indomie Carton (40),Groceries,11,13500,5,Transfer
NM-02073,2025-12-01,Lagos,Lagos - Lekki,Uche Uzor,Wholesale,P010,Dell Inspiron 15,Computers,16,649000,10,Transfer
NM-02074,2025-12-01,Lagos,Lagos - Lekki,Uche Musa,Retail,P025,Vegetable Oil 5L,Groceries,6,17500,0,Transfer
NM-02075,2025-12-01,Lagos,Lagos - Surulere,Adaeze Garba,Retail,P028,Peak Milk Tin (24),Groceries,9,16500,0,Transfer
NM-02076,2025-12-01,Lagos,Lagos - Lekki,Uche Uzor,Retail,P032,Men's Senator Wear,Fashion,12,35000,0,Transfer
NM-02077,2025-12-01,Kano,Kano - Sabon Gari,Maryam Chukwu,Retail,P035,School Bag,Fashion,5,12500,0,POS
NM-02078,2025-12-01,Lagos,Lagos - Surulere,Kelechi Garba,Retail,P027,Milo 1kg Refill,Groceries,5,9200,0,Cash
NM-02079,2025-12-01,Lagos,Lagos - Ikeja,Ngozi Olawale,Retail,P001,Tecno Spark 20,Phones,1,145000,0,POS
NM-02080,2025-12-01,Abuja,Abuja - Garki,Zainab Eze,Retail,P031,Ankara Fabric (6 yards),Fashion,3,18500,0,Transfer
NM-02081,2025-12-01,Port Harcourt,Port Harcourt - GRA,Ibrahim Danjuma,Retail,P007,Phone Charger (Fast),Accessories,6,7500,5,Cash
NM-02082,2025-12-01,Enugu,Enugu - Independence Layout,Emeka Garba,Wholesale,P005,Oraimo Power Bank 20000mAh,Accessories,7,21000,15,Cash
NM-02083,2025-12-01,Ibadan,Ibadan - Bodija,Bisi Olawale,Online,P027,Milo 1kg Refill,Groceries,12,9200,10,Transfer
NM-02084,2025-12-02,Abuja,Abuja - Garki,Femi Suleiman,Retail,P024,Rice 50kg (Local),Groceries,2,78000,0,Cash
NM-02085,2025-12-02,Abuja,Abuja - Garki,Femi Suleiman,Retail,P030,Sugar 1kg (x10),Groceries,12,15000,15,Transfer
NM-02086,2025-12-02,Lagos,Lagos - Ikeja,Ngozi Olawale,Online,P026,Indomie Carton (40),Groceries,10,13500,0,Transfer
NM-02087,2025-12-02,Abuja,Abuja - Wuse,Tunde Eze,Retail,P005,Oraimo Power Bank 20000mAh,Accessories,7,21000,0,POS
NM-02088,2025-12-02,Lagos,Lagos - Lekki,Uche Musa,Retail,P034,Sneakers (Unisex),Fashion,10,26000,10,Cash
NM-02089,2025-12-02,Port Harcourt,Port Harcourt - GRA,Nneka Olawale,Retail,P005,Oraimo Power Bank 20000mAh,Accessories,11,21000,5,POS
NM-02090,2025-12-02,Abuja,Abuja - Garki,Bola Okafor,Retail,P029,Semovita 10kg,Groceries,4,11800,0,Transfer
NM-02091,2025-12-02,Abuja,Abuja - Wuse,Chidi Uzor,Retail,P039,Printer Paper A4 (Box),Office,7,24500,15,Transfer
NM-02092,2025-12-02,Ibadan,Ibadan - Bodija,Bisi Olawale,Retail,P001,Tecno Spark 20,Phones,1,145000,15,POS
NM-02093,2025-12-02,Enugu,Enugu - Independence Layout,Zainab Obi,Retail,P028,Peak Milk Tin (24),Groceries,11,16500,0,POS
NM-02094,2025-12-03,Port Harcourt,Port Harcourt - GRA,Ibrahim Danjuma,Online,P020,Microwave Oven 20L,Appliances,11,86000,0,Transfer
NM-02095,2025-12-03,Enugu,Enugu - Independence Layout,Dayo Abubakar,Retail,P026,Indomie Carton (40),Groceries,10,13500,0,POS
NM-02096,2025-12-03,Abuja,Abuja - Wuse,Chidi Uzor,Retail,P001,Tecno Spark 20,Phones,1,145000,10,Card
NM-02097,2025-12-03,Abuja,Abuja - Garki,Zainab Eze,Retail,P011,Wireless Mouse,Accessories,10,9500,0,POS
NM-02098,2025-12-03,Lagos,Lagos - Surulere,Kelechi Garba,Retail,P029,Semovita 10kg,Groceries,8,11800,0,Card
NM-02099,2025-12-03,Lagos,Lagos - Ikeja,Ngozi Olawale,Retail,P039,Printer Paper A4 (Box),Office,2,24500,15,Card
NM-02100,2025-12-03,Lagos,Lagos - Surulere,Adaeze Garba,Retail,P007,Phone Charger (Fast),Accessories,6,7500,5,Transfer
NM-02101,2025-12-03,Lagos,Lagos - Lekki,Uche Musa,Retail,P022,Inverter Battery 200Ah,Power,2,355000,5,Card
NM-02102,2025-12-04,Lagos,Lagos - Surulere,Kelechi Garba,Retail,P029,Semovita 10kg,Groceries,7,11800,0,POS
NM-02103,2025-12-04,Lagos,Lagos - Lekki,Uche Uzor,Retail,P027,Milo 1kg Refill,Groceries,5,9200,0,Transfer
NM-02104,2025-12-04,Lagos,Lagos - Lekki,Uche Uzor,Online,P003,Samsung Galaxy A15,Phones,2,205000,0,POS
NM-02105,2025-12-04,Enugu,Enugu - Independence Layout,Dayo Abubakar,Retail,P002,Infinix Hot 40,Phones,3,162000,0,Cash
NM-02106,2025-12-04,Abuja,Abuja - Wuse,Chidi Uzor,Retail,P026,Indomie Carton (40),Groceries,12,13500,0,Transfer
NM-02107,2025-12-04,Abuja,Abuja - Garki,Bola Okafor,Online,P037,Study Desk,Furniture,4,64000,0,POS
NM-02108,2025-12-04,Lagos,Lagos - Lekki,Uche Musa,Retail,P034,Sneakers (Unisex),Fashion,9,26000,5,Transfer
NM-02109,2025-12-04,Kano,Kano - Sabon Gari,Maryam Chukwu,Wholesale,P019,"Standing Fan 18""",Appliances,20,38500,15,Cash
NM-02110,2025-12-04,Abuja,Abuja - Wuse,Bola Musa,Online,P011,Wireless Mouse,Accessories,6,9500,5,Transfer
NM-02111,2025-12-04,Kano,Kano - Sabon Gari,Hauwa Danjuma,Retail,P039,Printer Paper A4 (Box),Office,8,24500,0,Transfer
NM-02112,2025-12-04,Kano,Kano - Sabon Gari,Bisi Onyeka,Retail,P031,Ankara Fabric (6 yards),Fashion,12,18500,10,Cash
NM-02113,2025-12-05,Port Harcourt,Port Harcourt - GRA,Segun Chukwu,Wholesale,P035,School Bag,Fashion,66,12500,15,Cash
NM-02114,2025-12-05,Abuja,Abuja - Wuse,Bola Musa,Retail,P005,Oraimo Power Bank 20000mAh,Accessories,8,21000,0,POS
NM-02115,2025-12-05,Lagos,Lagos - Lekki,Ifeanyi Adebayo,Online,P034,Sneakers (Unisex),Fashion,9,26000,5,POS
NM-02116,2025-12-05,Lagos,Lagos - Lekki,Uche Musa,Online,P023,Surge Protector,Power,11,12500,0,Transfer
NM-02117,2025-12-05,Ibadan,Ibadan - Bodija,Bisi Olawale,Online,P030,Sugar 1kg (x10),Groceries,12,15000,5,Transfer
NM-02118,2025-12-05,Enugu,Enugu - Independence Layout,Dayo Abubakar,Online,P028,Peak Milk Tin (24),Groceries,3,16500,0,Transfer
NM-02119,2025-12-05,Abuja,Abuja - Garki,Bola Okafor,Retail,P006,Oraimo FreePods 4,Accessories,9,25500,5,Cash
NM-02120,2025-12-05,Abuja,Abuja - Garki,Bola Okafor,Wholesale,P007,Phone Charger (Fast),Accessories,35,7500,10,Cash
NM-02121,2025-12-05,Kano,Kano - Sabon Gari,Maryam Chukwu,Retail,P005,Oraimo Power Bank 20000mAh,Accessories,9,21000,5,Cash
NM-02122,2025-12-05,Lagos,Lagos - Ikeja,Tolu Eze,Online,P005,Oraimo Power Bank 20000mAh,Accessories,4,21000,0,Transfer
NM-02123,2025-12-05,Abuja,Abuja - Wuse,Bola Musa,Retail,P025,Vegetable Oil 5L,Groceries,10,17500,0,Transfer
NM-02124,2025-12-06,Lagos,Lagos - Lekki,Uche Musa,Online,P001,Tecno Spark 20,Phones,1,145000,0,POS
NM-02125,2025-12-06,Abuja,Abuja - Wuse,Tunde Eze,Retail,P025,Vegetable Oil 5L,Groceries,4,17500,0,Card
NM-02126,2025-12-06,Port Harcourt,Port Harcourt - GRA,Ibrahim Danjuma,Retail,P023,Surge Protector,Power,4,12500,0,Transfer
NM-02127,2025-12-06,Port Harcourt,Port Harcourt - GRA,Ibrahim Danjuma,Retail,P025,Vegetable Oil 5L,Groceries,6,17500,0,POS
NM-02128,2025-12-06,Abuja,Abuja - Wuse,Tunde Eze,Retail,P040,HP Ink Cartridge 305,Office,8,14500,0,Cash
NM-02129,2025-12-06,Kano,Kano - Sabon Gari,Bisi Onyeka,Retail,P016,Thermocool Freezer 200L,Appliances,3,318000,5,Transfer
NM-02130,2025-12-06,Lagos,Lagos - Ikeja,Chioma Onyeka,Online,P005,Oraimo Power Bank 20000mAh,Accessories,3,21000,0,Transfer
NM-02131,2025-12-06,Port Harcourt,Port Harcourt - GRA,Nneka Olawale,Retail,P007,Phone Charger (Fast),Accessories,11,7500,10,Transfer
NM-02132,2025-12-06,Enugu,Enugu - Independence Layout,Dayo Abubakar,Online,P027,Milo 1kg Refill,Groceries,3,9200,0,Transfer
NM-02133,2025-12-07,Abuja,Abuja - Garki,Zainab Eze,Retail,P012,"LG 43"" Smart TV",TV & Audio,2,349000,0,Cash
NM-02134,2025-12-07,Lagos,Lagos - Surulere,Dayo Suleiman,Online,P019,"Standing Fan 18""",Appliances,6,38500,5,Transfer
NM-02135,2025-12-07,Lagos,Lagos - Surulere,Adaeze Garba,Online,P030,Sugar 1kg (x10),Groceries,6,15000,0,Transfer
NM-02136,2025-12-07,Lagos,Lagos - Surulere,Adaeze Garba,Wholesale,P026,Indomie Carton (40),Groceries,50,13500,15,Cash
NM-02137,2025-12-07,Abuja,Abuja - Wuse,Chidi Uzor,Online,P035,School Bag,Fashion,12,12500,0,POS
NM-02138,2025-12-07,Lagos,Lagos - Lekki,Uche Uzor,Retail,P037,Study Desk,Furniture,5,64000,5,Card
NM-02139,2025-12-07,Port Harcourt,Port Harcourt - GRA,Segun Chukwu,Retail,P023,Surge Protector,Power,4,12500,0,Cash
NM-02140,2025-12-08,Lagos,Lagos - Ikeja,Chioma Onyeka,Retail,P005,Oraimo Power Bank 20000mAh,Accessories,9,21000,10,Cash
NM-02141,2025-12-08,Kano,Kano - Sabon Gari,Bisi Onyeka,Retail,P036,Office Chair,Furniture,2,79000,0,POS
NM-02142,2025-12-08,Abuja,Abuja - Wuse,Chidi Uzor,Online,P002,Infinix Hot 40,Phones,1,162000,10,Transfer
NM-02143,2025-12-08,Lagos,Lagos - Surulere,Kelechi Garba,Online,P028,Peak Milk Tin (24),Groceries,11,16500,0,Transfer
NM-02144,2025-12-08,Lagos,Lagos - Ikeja,Chioma Onyeka,Retail,P030,Sugar 1kg (x10),Groceries,6,15000,5,Transfer
NM-02145,2025-12-08,Abuja,Abuja - Garki,Femi Suleiman,Retail,P031,Ankara Fabric (6 yards),Fashion,12,18500,0,POS
NM-02146,2025-12-08,Port Harcourt,Port Harcourt - GRA,Nneka Olawale,Retail,P026,Indomie Carton (40),Groceries,5,13500,5,POS
NM-02147,2025-12-08,Port Harcourt,Port Harcourt - GRA,Ibrahim Danjuma,Wholesale,P017,Binatone Blender,Appliances,70,29500,15,Transfer
NM-02148,2025-12-08,Lagos,Lagos - Ikeja,Chioma Onyeka,Online,P003,Samsung Galaxy A15,Phones,1,205000,0,Transfer
NM-02149,2025-12-08,Lagos,Lagos - Ikeja,Tolu Eze,Retail,P011,Wireless Mouse,Accessories,2,9500,0,Cash
NM-02150,2025-12-09,Lagos,Lagos - Surulere,Adaeze Garba,Online,P040,HP Ink Cartridge 305,Office,4,14500,0,Transfer
NM-02151,2025-12-09,Enugu,Enugu - Independence Layout,Zainab Obi,Online,P026,Indomie Carton (40),Groceries,4,13500,0,Transfer
NM-02152,2025-12-09,Kano,Kano - Sabon Gari,Hauwa Danjuma,Retail,P002,Infinix Hot 40,Phones,1,162000,10,Cash
NM-02153,2025-12-09,Abuja,Abuja - Wuse,Bola Musa,Retail,P003,Samsung Galaxy A15,Phones,2,205000,5,Transfer
NM-02154,2025-12-09,Lagos,Lagos - Ikeja,Ngozi Olawale,Retail,P006,Oraimo FreePods 4,Accessories,3,25500,10,Card
NM-02155,2025-12-09,Ibadan,Ibadan - Bodija,Tolu Bello,Retail,P002,Infinix Hot 40,Phones,2,162000,0,Card
NM-02156,2025-12-09,Enugu,Enugu - Independence Layout,Zainab Obi,Retail,P007,Phone Charger (Fast),Accessories,5,7500,0,Transfer
NM-02157,2025-12-09,Abuja,Abuja - Wuse,Tunde Eze,Online,P030,Sugar 1kg (x10),Groceries,10,15000,10,Transfer
NM-02158,2025-12-10,Kano,Kano - Sabon Gari,Hauwa Danjuma,Retail,P003,Samsung Galaxy A15,Phones,3,205000,5,Cash
NM-02159,2025-12-10,Lagos,Lagos - Surulere,Dayo Suleiman,Wholesale,P017,Binatone Blender,Appliances,5,29500,15,Cash
NM-02160,2025-12-10,Lagos,Lagos - Lekki,Uche Musa,Retail,P025,Vegetable Oil 5L,Groceries,10,17500,10,Cash
NM-02161,2025-12-10,Kano,Kano - Sabon Gari,Maryam Chukwu,Retail,P016,Thermocool Freezer 200L,Appliances,2,318000,0,Cash
NM-02162,2025-12-10,Lagos,Lagos - Ikeja,Ngozi Olawale,Retail,P023,Surge Protector,Power,10,12500,5,POS
NM-02163,2025-12-10,Abuja,Abuja - Garki,Zainab Eze,Retail,P030,Sugar 1kg (x10),Groceries,5,15000,0,Transfer
NM-02164,2025-12-10,Port Harcourt,Port Harcourt - GRA,Ibrahim Danjuma,Wholesale,P028,Peak Milk Tin (24),Groceries,3,16500,15,Transfer
NM-02165,2025-12-10,Enugu,Enugu - Independence Layout,Zainab Obi,Online,P019,"Standing Fan 18""",Appliances,5,38500,0,Transfer
NM-02166,2025-12-10,Abuja,Abuja - Wuse,Chidi Uzor,Retail,P006,Oraimo FreePods 4,Accessories,11,25500,5,Transfer
NM-02167,2025-12-10,Kano,Kano - Sabon Gari,Hauwa Danjuma,Retail,P020,Microwave Oven 20L,Appliances,1,86000,5,Cash
NM-02168,2025-12-11,Enugu,Enugu - Independence Layout,Zainab Obi,Wholesale,P011,Wireless Mouse,Accessories,8,9500,15,Card
NM-02169,2025-12-11,Kano,Kano - Sabon Gari,Hauwa Danjuma,Online,P031,Ankara Fabric (6 yards),Fashion,3,18500,0,Transfer
NM-02170,2025-12-11,Kano,Kano - Sabon Gari,Bisi Onyeka,Retail,P012,"LG 43"" Smart TV",TV & Audio,2,349000,0,Cash
NM-02171,2025-12-11,Lagos,Lagos - Ikeja,Chioma Onyeka,Online,P005,Oraimo Power Bank 20000mAh,Accessories,7,21000,0,Transfer
NM-02172,2025-12-11,Port Harcourt,Port Harcourt - GRA,Nneka Olawale,Retail,P002,Infinix Hot 40,Phones,1,162000,0,Cash
NM-02173,2025-12-11,Port Harcourt,Port Harcourt - GRA,Segun Chukwu,Online,P018,Scanfrost Gas Cooker,Appliances,2,229000,10,Transfer
NM-02174,2025-12-11,Kano,Kano - Sabon Gari,Bisi Onyeka,Retail,P014,JBL Flip 6 Speaker,TV & Audio,2,129000,15,POS
NM-02175,2025-12-11,Lagos,Lagos - Surulere,Kelechi Garba,Retail,P006,Oraimo FreePods 4,Accessories,7,25500,10,POS
NM-02176,2025-12-11,Enugu,Enugu - Independence Layout,Dayo Abubakar,Retail,P031,Ankara Fabric (6 yards),Fashion,3,18500,0,POS
NM-02177,2025-12-11,Abuja,Abuja - Wuse,Tunde Eze,Retail,P025,Vegetable Oil 5L,Groceries,12,17500,0,Transfer
NM-02178,2025-12-11,Lagos,Lagos - Ikeja,Chioma Onyeka,Online,P007,Phone Charger (Fast),Accessories,7,7500,0,Card
NM-02179,2025-12-12,Lagos,Lagos - Ikeja,Ngozi Olawale,Wholesale,P012,"LG 43"" Smart TV",TV & Audio,12,349000,15,POS
NM-02180,2025-12-12,Abuja,Abuja - Garki,Femi Suleiman,Retail,P037,Study Desk,Furniture,9,64000,10,POS
NM-02181,2025-12-12,Kano,Kano - Sabon Gari,Hauwa Danjuma,Online,P037,Study Desk,Furniture,6,64000,0,Transfer
NM-02182,2025-12-12,Port Harcourt,Port Harcourt - GRA,Ibrahim Danjuma,Retail,P026,Indomie Carton (40),Groceries,5,13500,0,Transfer
NM-02183,2025-12-12,Enugu,Enugu - Independence Layout,Dayo Abubakar,Online,P034,Sneakers (Unisex),Fashion,10,26000,0,Transfer
NM-02184,2025-12-12,Abuja,Abuja - Wuse,Chidi Uzor,Retail,P034,Sneakers (Unisex),Fashion,4,26000,10,Cash
NM-02185,2025-12-12,Lagos,Lagos - Surulere,Kelechi Garba,Retail,P016,Thermocool Freezer 200L,Appliances,3,318000,5,Transfer
NM-02186,2025-12-12,Lagos,Lagos - Ikeja,Tolu Eze,Retail,P002,Infinix Hot 40,Phones,2,162000,0,POS
NM-02187,2025-12-12,Lagos,Lagos - Lekki,Ifeanyi Adebayo,Online,P030,Sugar 1kg (x10),Groceries,4,15000,15,Transfer
NM-02188,2025-12-13,Port Harcourt,Port Harcourt - GRA,Segun Chukwu,Retail,P028,Peak Milk Tin (24),Groceries,7,16500,5,POS
NM-02189,2025-12-13,Lagos,Lagos - Lekki,Uche Uzor,Retail,P001,Tecno Spark 20,Phones,2,145000,0,Cash
NM-02190,2025-12-13,Lagos,Lagos - Ikeja,Ngozi Olawale,Online,P002,Infinix Hot 40,Phones,1,162000,5,Transfer
NM-02191,2025-12-13,Lagos,Lagos - Surulere,Kelechi Garba,Retail,P014,JBL Flip 6 Speaker,TV & Audio,1,129000,0,Transfer
NM-02192,2025-12-13,Lagos,Lagos - Surulere,Kelechi Garba,Online,P029,Semovita 10kg,Groceries,7,11800,10,Transfer
NM-02193,2025-12-13,Lagos,Lagos - Lekki,Uche Uzor,Online,P020,Microwave Oven 20L,Appliances,3,86000,5,Transfer
NM-02194,2025-12-13,Abuja,Abuja - Wuse,Chidi Uzor,Retail,P012,"LG 43"" Smart TV",TV & Audio,2,349000,0,POS
NM-02195,2025-12-13,Enugu,Enugu - Independence Layout,Emeka Garba,Online,P029,Semovita 10kg,Groceries,3,11800,5,Transfer
NM-02196,2025-12-13,Abuja,Abuja - Wuse,Bola Musa,Wholesale,P029,Semovita 10kg,Groceries,72,11800,10,POS
NM-02197,2025-12-13,Port Harcourt,Port Harcourt - GRA,Nneka Olawale,Online,P029,Semovita 10kg,Groceries,10,11800,0,Transfer
NM-02198,2025-12-13,Port Harcourt,Port Harcourt - GRA,Ibrahim Danjuma,Retail,P025,Vegetable Oil 5L,Groceries,9,17500,5,Transfer
NM-02199,2025-12-13,Abuja,Abuja - Wuse,Tunde Eze,Online,P031,Ankara Fabric (6 yards),Fashion,9,18500,10,Transfer
NM-02200,2025-12-13,Lagos,Lagos - Ikeja,Ngozi Olawale,Retail,P011,Wireless Mouse,Accessories,9,9500,10,POS
NM-02201,2025-12-13,Kano,Kano - Sabon Gari,Hauwa Danjuma,Retail,P020,Microwave Oven 20L,Appliances,6,86000,5,Cash
NM-02202,2025-12-13,Lagos,Lagos - Surulere,Adaeze Garba,Retail,P006,Oraimo FreePods 4,Accessories,1,25500,5,Transfer
NM-02203,2025-12-13,Enugu,Enugu - Independence Layout,Dayo Abubakar,Retail,P032,Men's Senator Wear,Fashion,3,35000,0,Transfer
NM-02204,2025-12-13,Abuja,Abuja - Wuse,Chidi Uzor,Online,P027,Milo 1kg Refill,Groceries,4,9200,0,Transfer
NM-02205,2025-12-13,Lagos,Lagos - Surulere,Kelechi Garba,Retail,P017,Binatone Blender,Appliances,5,29500,10,Transfer
NM-02206,2025-12-13,Lagos,Lagos - Ikeja,Chioma Onyeka,Retail,P011,Wireless Mouse,Accessories,2,9500,5,Card
NM-02207,2025-12-13,Kano,Kano - Sabon Gari,Bisi Onyeka,Online,P019,"Standing Fan 18""",Appliances,10,38500,0,Transfer
NM-02208,2025-12-13,Abuja,Abuja - Garki,Bola Okafor,Retail,P036,Office Chair,Furniture,1,79000,5,Cash
NM-02209,2025-12-14,Port Harcourt,Port Harcourt - GRA,Nneka Olawale,Retail,P024,Rice 50kg (Local),Groceries,5,78000,0,Transfer
NM-02210,2025-12-14,Abuja,Abuja - Wuse,Bola Musa,Retail,P027,Milo 1kg Refill,Groceries,3,9200,0,Cash
NM-02211,2025-12-14,Port Harcourt,Port Harcourt - GRA,Ibrahim Danjuma,Online,P007,Phone Charger (Fast),Accessories,7,7500,0,Transfer
NM-02212,2025-12-14,Abuja,Abuja - Wuse,Chidi Uzor,Retail,P018,Scanfrost Gas Cooker,Appliances,3,229000,10,Cash
NM-02213,2025-12-14,Enugu,Enugu - Independence Layout,Dayo Abubakar,Retail,P030,Sugar 1kg (x10),Groceries,2,15000,5,Transfer
NM-02214,2025-12-14,Abuja,Abuja - Garki,Zainab Eze,Online,P035,School Bag,Fashion,10,12500,5,Transfer
NM-02215,2025-12-14,Abuja,Abuja - Wuse,Tunde Eze,Retail,P032,Men's Senator Wear,Fashion,4,35000,5,Transfer
NM-02216,2025-12-14,Lagos,Lagos - Ikeja,Chioma Onyeka,Retail,P011,Wireless Mouse,Accessories,8,9500,0,Transfer
NM-02217,2025-12-14,Kano,Kano - Sabon Gari,Bisi Onyeka,Retail,P029,Semovita 10kg,Groceries,2,11800,0,Cash
NM-02218,2025-12-14,Kano,Kano - Sabon Gari,Maryam Chukwu,Retail,P029,Semovita 10kg,Groceries,4,11800,10,Card
NM-02219,2025-12-15,Kano,Kano - Sabon Gari,Maryam Chukwu,Online,P011,Wireless Mouse,Accessories,12,9500,15,Transfer
NM-02220,2025-12-15,Lagos,Lagos - Ikeja,Chioma Onyeka,Online,P028,Peak Milk Tin (24),Groceries,11,16500,0,POS
NM-02221,2025-12-15,Abuja,Abuja - Wuse,Chidi Uzor,Retail,P036,Office Chair,Furniture,1,79000,0,POS
NM-02222,2025-12-15,Enugu,Enugu - Independence Layout,Dayo Abubakar,Retail,P003,Samsung Galaxy A15,Phones,2,205000,0,Cash
NM-02223,2025-12-15,Lagos,Lagos - Surulere,Kelechi Garba,Wholesale,P025,Vegetable Oil 5L,Groceries,42,17500,10,Cash
NM-02224,2025-12-15,Lagos,Lagos - Surulere,Adaeze Garba,Retail,P026,Indomie Carton (40),Groceries,5,13500,0,POS
NM-02225,2025-12-15,Lagos,Lagos - Lekki,Ifeanyi Adebayo,Online,P002,Infinix Hot 40,Phones,3,162000,0,Transfer
NM-02226,2025-12-15,Ibadan,Ibadan - Bodija,Bisi Olawale,Wholesale,P040,HP Ink Cartridge 305,Office,12,14500,10,Transfer
NM-02227,2025-12-15,Lagos,Lagos - Ikeja,Tolu Eze,Wholesale,P024,Rice 50kg (Local),Groceries,18,78000,15,Transfer
NM-02228,2025-12-15,Port Harcourt,Port Harcourt - GRA,Nneka Olawale,Retail,P025,Vegetable Oil 5L,Groceries,3,17500,0,Transfer
NM-02229,2025-12-16,Kano,Kano - Sabon Gari,Bisi Onyeka,Retail,P035,School Bag,Fashion,7,12500,0,Cash
NM-02230,2025-12-16,Enugu,Enugu - Independence Layout,Emeka Garba,Online,P035,School Bag,Fashion,11,12500,5,Transfer
NM-02231,2025-12-16,Abuja,Abuja - Wuse,Bola Musa,Online,P029,Semovita 10kg,Groceries,8,11800,0,Transfer
NM-02232,2025-12-16,Lagos,Lagos - Lekki,Uche Musa,Retail,P011,Wireless Mouse,Accessories,3,9500,5,Card
NM-02233,2025-12-16,Lagos,Lagos - Ikeja,Chioma Onyeka,Online,P002,Infinix Hot 40,Phones,2,162000,15,Transfer
NM-02234,2025-12-16,Lagos,Lagos - Surulere,Kelechi Garba,Retail,P001,Tecno Spark 20,Phones,2,145000,0,Cash
NM-02235,2025-12-16,Ibadan,Ibadan - Bodija,Bisi Olawale,Online,P008,HP 250 G9 Laptop,Computers,3,585000,5,Cash
NM-02236,2025-12-16,Abuja,Abuja - Garki,Femi Suleiman,Retail,P036,Office Chair,Furniture,12,79000,0,POS
NM-02237,2025-12-16,Abuja,Abuja - Wuse,Tunde Eze,Retail,P001,Tecno Spark 20,Phones,1,145000,0,POS
NM-02238,2025-12-16,Lagos,Lagos - Surulere,Adaeze Garba,Retail,P039,Printer Paper A4 (Box),Office,12,24500,10,POS
NM-02239,2025-12-16,Abuja,Abuja - Wuse,Bola Musa,Retail,P026,Indomie Carton (40),Groceries,11,13500,10,Transfer
NM-02240,2025-12-16,Lagos,Lagos - Lekki,Ifeanyi Adebayo,Retail,P029,Semovita 10kg,Groceries,6,11800,0,Card
NM-02241,2025-12-16,Enugu,Enugu - Independence Layout,Dayo Abubakar,Wholesale,P011,Wireless Mouse,Accessories,7,9500,15,Transfer
NM-02242,2025-12-17,Ibadan,Ibadan - Bodija,Tolu Bello,Retail,P002,Infinix Hot 40,Phones,2,162000,10,Card
NM-02243,2025-12-17,Port Harcourt,Port Harcourt - GRA,Segun Chukwu,Retail,P006,Oraimo FreePods 4,Accessories,9,25500,15,Cash
NM-02244,2025-12-17,Ibadan,Ibadan - Bodija,Bisi Olawale,Online,P024,Rice 50kg (Local),Groceries,1,78000,0,Cash
NM-02245,2025-12-17,Abuja,Abuja - Garki,Bola Okafor,Retail,P039,Printer Paper A4 (Box),Office,1,24500,0,Cash
NM-02246,2025-12-17,Ibadan,Ibadan - Bodija,Tolu Bello,Wholesale,P005,Oraimo Power Bank 20000mAh,Accessories,20,21000,10,Transfer
NM-02247,2025-12-17,Abuja,Abuja - Garki,Bola Okafor,Online,P002,Infinix Hot 40,Phones,1,162000,0,Transfer
NM-02248,2025-12-17,Abuja,Abuja - Wuse,Tunde Eze,Retail,P007,Phone Charger (Fast),Accessories,4,7500,0,Cash
NM-02249,2025-12-18,Lagos,Lagos - Lekki,Uche Uzor,Wholesale,P028,Peak Milk Tin (24),Groceries,14,16500,15,POS
NM-02250,2025-12-18,Enugu,Enugu - Independence Layout,Zainab Obi,Retail,P024,Rice 50kg (Local),Groceries,1,78000,0,POS
NM-02251,2025-12-18,Lagos,Lagos - Ikeja,Ngozi Olawale,Online,P033,Women's Ankara Dress,Fashion,4,31000,0,Transfer
NM-02252,2025-12-18,Abuja,Abuja - Wuse,Tunde Eze,Retail,P007,Phone Charger (Fast),Accessories,11,7500,0,Transfer
NM-02253,2025-12-18,Lagos,Lagos - Lekki,Ifeanyi Adebayo,Retail,P031,Ankara Fabric (6 yards),Fashion,5,18500,0,POS
NM-02254,2025-12-18,Enugu,Enugu - Independence Layout,Zainab Obi,Online,P029,Semovita 10kg,Groceries,8,11800,0,Card
NM-02255,2025-12-18,Port Harcourt,Port Harcourt - GRA,Nneka Olawale,Online,P026,Indomie Carton (40),Groceries,2,13500,0,Transfer
NM-02256,2025-12-19,Enugu,Enugu - Independence Layout,Emeka Garba,Online,P027,Milo 1kg Refill,Groceries,9,9200,0,Cash
NM-02257,2025-12-19,Kano,Kano - Sabon Gari,Bisi Onyeka,Retail,P040,HP Ink Cartridge 305,Office,7,14500,0,Transfer
NM-02258,2025-12-19,Ibadan,Ibadan - Bodija,Bisi Olawale,Online,P026,Indomie Carton (40),Groceries,4,13500,15,Transfer
NM-02259,2025-12-19,Abuja,Abuja - Wuse,Tunde Eze,Retail,P040,HP Ink Cartridge 305,Office,10,14500,10,POS
NM-02260,2025-12-19,Kano,Kano - Sabon Gari,Maryam Chukwu,Retail,P035,School Bag,Fashion,12,12500,0,POS
NM-02261,2025-12-19,Ibadan,Ibadan - Bodija,Bisi Olawale,Retail,P025,Vegetable Oil 5L,Groceries,3,17500,0,Transfer
NM-02262,2025-12-19,Lagos,Lagos - Lekki,Uche Musa,Wholesale,P024,Rice 50kg (Local),Groceries,36,78000,15,Cash
NM-02263,2025-12-19,Lagos,Lagos - Ikeja,Ngozi Olawale,Wholesale,P006,Oraimo FreePods 4,Accessories,3,25500,15,POS
NM-02264,2025-12-19,Kano,Kano - Sabon Gari,Maryam Chukwu,Retail,P008,HP 250 G9 Laptop,Computers,1,585000,0,Cash
NM-02265,2025-12-20,Kano,Kano - Sabon Gari,Hauwa Danjuma,Retail,P040,HP Ink Cartridge 305,Office,1,14500,5,Card
NM-02266,2025-12-20,Lagos,Lagos - Surulere,Kelechi Garba,Retail,P007,Phone Charger (Fast),Accessories,12,7500,15,Cash
NM-02267,2025-12-20,Ibadan,Ibadan - Bodija,Bisi Olawale,Online,P003,Samsung Galaxy A15,Phones,1,205000,0,Transfer
NM-02268,2025-12-20,Lagos,Lagos - Lekki,Uche Uzor,Retail,P007,Phone Charger (Fast),Accessories,4,7500,5,POS
NM-02269,2025-12-20,Port Harcourt,Port Harcourt - GRA,Segun Chukwu,Wholesale,P005,Oraimo Power Bank 20000mAh,Accessories,4,21000,15,Transfer
NM-02270,2025-12-20,Abuja,Abuja - Wuse,Bola Musa,Retail,P003,Samsung Galaxy A15,Phones,2,205000,5,POS
NM-02271,2025-12-20,Abuja,Abuja - Wuse,Chidi Uzor,Retail,P031,Ankara Fabric (6 yards),Fashion,7,18500,15,Transfer
NM-02272,2025-12-20,Port Harcourt,Port Harcourt - GRA,Nneka Olawale,Retail,P002,Infinix Hot 40,Phones,3,162000,0,Transfer
NM-02273,2025-12-20,Lagos,Lagos - Surulere,Adaeze Garba,Retail,P011,Wireless Mouse,Accessories,12,9500,0,Transfer
NM-02274,2025-12-20,Kano,Kano - Sabon Gari,Hauwa Danjuma,Online,P023,Surge Protector,Power,9,12500,0,Transfer
NM-02275,2025-12-20,Lagos,Lagos - Ikeja,Chioma Onyeka,Online,P026,Indomie Carton (40),Groceries,3,13500,10,Cash
NM-02276,2025-12-21,Ibadan,Ibadan - Bodija,Bisi Olawale,Retail,P040,HP Ink Cartridge 305,Office,5,14500,5,POS
NM-02277,2025-12-21,Lagos,Lagos - Ikeja,Chioma Onyeka,Retail,P010,Dell Inspiron 15,Computers,1,649000,10,Card
NM-02278,2025-12-22,Abuja,Abuja - Wuse,Bola Musa,Retail,P008,HP 250 G9 Laptop,Computers,2,585000,0,Transfer
NM-02279,2025-12-22,Abuja,Abuja - Wuse,Chidi Uzor,Online,P012,"LG 43"" Smart TV",TV & Audio,3,349000,5,Transfer
NM-02280,2025-12-22,Lagos,Lagos - Ikeja,Tolu Eze,Retail,P011,Wireless Mouse,Accessories,1,9500,0,Cash
NM-02281,2025-12-22,Lagos,Lagos - Surulere,Kelechi Garba,Retail,P029,Semovita 10kg,Groceries,3,11800,0,Transfer
NM-02282,2025-12-22,Lagos,Lagos - Lekki,Uche Musa,Wholesale,P008,HP 250 G9 Laptop,Computers,7,585000,10,Transfer
NM-02283,2025-12-22,Abuja,Abuja - Wuse,Chidi Uzor,Retail,P011,Wireless Mouse,Accessories,2,9500,0,Cash
NM-02284,2025-12-22,Abuja,Abuja - Garki,Bola Okafor,Retail,P024,Rice 50kg (Local),Groceries,1,78000,0,Transfer
NM-02285,2025-12-22,Abuja,Abuja - Wuse,Bola Musa,Retail,P015,Sound Bar 2.1,TV & Audio,4,95000,5,Transfer
NM-02286,2025-12-23,Abuja,Abuja - Wuse,Bola Musa,Wholesale,P028,Peak Milk Tin (24),Groceries,42,16500,10,Transfer
NM-02287,2025-12-23,Enugu,Enugu - Independence Layout,Emeka Garba,Online,P025,Vegetable Oil 5L,Groceries,11,17500,0,Cash
NM-02288,2025-12-23,Port Harcourt,Port Harcourt - GRA,Ibrahim Danjuma,Retail,P005,Oraimo Power Bank 20000mAh,Accessories,12,21000,0,Cash
NM-02289,2025-12-23,Kano,Kano - Sabon Gari,Hauwa Danjuma,Retail,P005,Oraimo Power Bank 20000mAh,Accessories,9,21000,10,POS
NM-02290,2025-12-23,Port Harcourt,Port Harcourt - GRA,Segun Chukwu,Retail,P005,Oraimo Power Bank 20000mAh,Accessories,6,21000,0,POS
NM-02291,2025-12-23,Enugu,Enugu - Independence Layout,Zainab Obi,Retail,P032,Men's Senator Wear,Fashion,6,35000,0,Transfer
NM-02292,2025-12-23,Port Harcourt,Port Harcourt - GRA,Segun Chukwu,Wholesale,P030,Sugar 1kg (x10),Groceries,6,15000,10,Transfer
NM-02293,2025-12-23,Ibadan,Ibadan - Bodija,Tolu Bello,Retail,P032,Men's Senator Wear,Fashion,9,35000,0,Cash
NM-02294,2025-12-23,Enugu,Enugu - Independence Layout,Emeka Garba,Retail,P034,Sneakers (Unisex),Fashion,2,26000,0,POS
NM-02295,2025-12-23,Abuja,Abuja - Garki,Bola Okafor,Retail,P028,Peak Milk Tin (24),Groceries,1,16500,5,Card
NM-02296,2025-12-23,Kano,Kano - Sabon Gari,Bisi Onyeka,Retail,P005,Oraimo Power Bank 20000mAh,Accessories,10,21000,0,Card
NM-02297,2025-12-23,Lagos,Lagos - Lekki,Uche Musa,Wholesale,P033,Women's Ankara Dress,Fashion,18,31000,10,POS
NM-02298,2025-12-23,Lagos,Lagos - Lekki,Ifeanyi Adebayo,Online,P023,Surge Protector,Power,9,12500,0,Transfer
NM-02299,2025-12-23,Abuja,Abuja - Garki,Bola Okafor,Retail,P027,Milo 1kg Refill,Groceries,5,9200,0,POS
NM-02300,2025-12-24,Ibadan,Ibadan - Bodija,Bisi Olawale,Retail,P024,Rice 50kg (Local),Groceries,5,78000,10,Transfer
NM-02301,2025-12-24,Port Harcourt,Port Harcourt - GRA,Ibrahim Danjuma,Online,P023,Surge Protector,Power,10,12500,0,Cash
NM-02302,2025-12-24,Abuja,Abuja - Garki,Zainab Eze,Online,P001,Tecno Spark 20,Phones,2,145000,0,Transfer
NM-02303,2025-12-24,Lagos,Lagos - Surulere,Adaeze Garba,Retail,P003,Samsung Galaxy A15,Phones,2,205000,0,Cash
NM-02304,2025-12-24,Lagos,Lagos - Ikeja,Tolu Eze,Retail,P020,Microwave Oven 20L,Appliances,11,86000,10,Cash
NM-02305,2025-12-24,Lagos,Lagos - Ikeja,Tolu Eze,Online,P026,Indomie Carton (40),Groceries,11,13500,10,Transfer
NM-02306,2025-12-24,Port Harcourt,Port Harcourt - GRA,Ibrahim Danjuma,Retail,P028,Peak Milk Tin (24),Groceries,10,16500,5,POS
NM-02307,2025-12-24,Port Harcourt,Port Harcourt - GRA,Nneka Olawale,Retail,P032,Men's Senator Wear,Fashion,3,35000,0,Transfer
NM-02308,2025-12-24,Lagos,Lagos - Ikeja,Tolu Eze,Online,P025,Vegetable Oil 5L,Groceries,8,17500,0,Transfer
NM-02309,2025-12-24,Abuja,Abuja - Wuse,Chidi Uzor,Retail,P017,Binatone Blender,Appliances,9,29500,10,Cash
NM-02310,2025-12-24,Lagos,Lagos - Surulere,Adaeze Garba,Retail,P007,Phone Charger (Fast),Accessories,2,7500,10,Transfer
NM-02311,2025-12-24,Lagos,Lagos - Lekki,Ifeanyi Adebayo,Retail,P020,Microwave Oven 20L,Appliances,6,86000,5,Cash
NM-02312,2025-12-24,Abuja,Abuja - Wuse,Chidi Uzor,Retail,P005,Oraimo Power Bank 20000mAh,Accessories,4,21000,0,Cash
NM-02313,2025-12-24,Lagos,Lagos - Lekki,Uche Uzor,Retail,P003,Samsung Galaxy A15,Phones,1,205000,0,POS
NM-02314,2025-12-24,Abuja,Abuja - Wuse,Chidi Uzor,Retail,P033,Women's Ankara Dress,Fashion,10,31000,5,POS
NM-02315,2025-12-24,Lagos,Lagos - Surulere,Kelechi Garba,Wholesale,P024,Rice 50kg (Local),Groceries,24,78000,15,POS
NM-02316,2025-12-25,Lagos,Lagos - Lekki,Uche Musa,Retail,P030,Sugar 1kg (x10),Groceries,10,15000,5,Card
NM-02317,2025-12-25,Lagos,Lagos - Surulere,Adaeze Garba,Wholesale,P030,Sugar 1kg (x10),Groceries,30,15000,10,POS
NM-02318,2025-12-25,Lagos,Lagos - Lekki,Uche Uzor,Retail,P008,HP 250 G9 Laptop,Computers,2,585000,0,Card
NM-02319,2025-12-25,Ibadan,Ibadan - Bodija,Tunde Adebayo,Retail,P029,Semovita 10kg,Groceries,1,11800,0,POS
NM-02320,2025-12-25,Kano,Kano - Sabon Gari,Bisi Onyeka,Retail,P011,Wireless Mouse,Accessories,2,9500,0,POS
NM-02321,2025-12-25,Port Harcourt,Port Harcourt - GRA,Ibrahim Danjuma,Retail,P027,Milo 1kg Refill,Groceries,10,9200,0,Cash
NM-02322,2025-12-25,Kano,Kano - Sabon Gari,Hauwa Danjuma,Online,P031,Ankara Fabric (6 yards),Fashion,10,18500,0,Transfer
NM-02323,2025-12-25,Lagos,Lagos - Lekki,Uche Uzor,Retail,P025,Vegetable Oil 5L,Groceries,2,17500,0,Transfer
NM-02324,2025-12-25,Lagos,Lagos - Surulere,Dayo Suleiman,Wholesale,P011,Wireless Mouse,Accessories,49,9500,15,Transfer
NM-02325,2025-12-25,Enugu,Enugu - Independence Layout,Emeka Garba,Retail,P016,Thermocool Freezer 200L,Appliances,2,318000,5,POS
NM-02326,2025-12-25,Kano,Kano - Sabon Gari,Maryam Chukwu,Retail,P005,Oraimo Power Bank 20000mAh,Accessories,2,21000,0,Cash
NM-02327,2025-12-25,Lagos,Lagos - Ikeja,Chioma Onyeka,Retail,P028,Peak Milk Tin (24),Groceries,12,16500,0,POS
NM-02328,2025-12-25,Ibadan,Ibadan - Bodija,Tolu Bello,Retail,P014,JBL Flip 6 Speaker,TV & Audio,3,129000,0,Transfer
NM-02329,2025-12-25,Kano,Kano - Sabon Gari,Hauwa Danjuma,Retail,P019,"Standing Fan 18""",Appliances,6,38500,0,POS
NM-02330,2025-12-25,Lagos,Lagos - Surulere,Dayo Suleiman,Retail,P025,Vegetable Oil 5L,Groceries,3,17500,5,Cash
NM-02331,2025-12-26,Ibadan,Ibadan - Bodija,Tunde Adebayo,Retail,P028,Peak Milk Tin (24),Groceries,10,16500,0,Transfer
NM-02332,2025-12-26,Lagos,Lagos - Lekki,Uche Uzor,Wholesale,P035,School Bag,Fashion,42,12500,10,POS
NM-02333,2025-12-26,Lagos,Lagos - Surulere,Dayo Suleiman,Online,P020,Microwave Oven 20L,Appliances,9,86000,5,Transfer
NM-02334,2025-12-26,Port Harcourt,Port Harcourt - GRA,Segun Chukwu,Online,P034,Sneakers (Unisex),Fashion,6,26000,5,Transfer
NM-02335,2025-12-26,Enugu,Enugu - Independence Layout,Dayo Abubakar,Wholesale,P020,Microwave Oven 20L,Appliances,66,86000,10,Cash
NM-02336,2025-12-26,Lagos,Lagos - Lekki,Ifeanyi Adebayo,Retail,P001,Tecno Spark 20,Phones,1,145000,10,Cash
NM-02337,2025-12-26,Lagos,Lagos - Surulere,Dayo Suleiman,Retail,P027,Milo 1kg Refill,Groceries,9,9200,10,Cash
NM-02338,2025-12-26,Lagos,Lagos - Surulere,Adaeze Garba,Wholesale,P037,Study Desk,Furniture,72,64000,15,Transfer
NM-02339,2025-12-26,Abuja,Abuja - Wuse,Chidi Uzor,Retail,P002,Infinix Hot 40,Phones,1,162000,0,POS
NM-02340,2025-12-26,Enugu,Enugu - Independence Layout,Emeka Garba,Retail,P040,HP Ink Cartridge 305,Office,1,14500,0,Cash
NM-02341,2025-12-26,Lagos,Lagos - Lekki,Ifeanyi Adebayo,Online,P002,Infinix Hot 40,Phones,1,162000,0,Cash
NM-02342,2025-12-26,Abuja,Abuja - Wuse,Bola Musa,Wholesale,P024,Rice 50kg (Local),Groceries,72,78000,15,Cash
NM-02343,2025-12-26,Enugu,Enugu - Independence Layout,Zainab Obi,Retail,P027,Milo 1kg Refill,Groceries,4,9200,0,Transfer
NM-02344,2025-12-26,Abuja,Abuja - Wuse,Chidi Uzor,Retail,P031,Ankara Fabric (6 yards),Fashion,10,18500,0,POS
NM-02345,2025-12-27,Port Harcourt,Port Harcourt - GRA,Segun Chukwu,Retail,P024,Rice 50kg (Local),Groceries,2,78000,5,Cash
NM-02346,2025-12-27,Lagos,Lagos - Surulere,Dayo Suleiman,Retail,P028,Peak Milk Tin (24),Groceries,10,16500,0,Cash
NM-02347,2025-12-27,Port Harcourt,Port Harcourt - GRA,Nneka Olawale,Retail,P027,Milo 1kg Refill,Groceries,6,9200,10,Transfer
NM-02348,2025-12-27,Ibadan,Ibadan - Bodija,Tunde Adebayo,Retail,P024,Rice 50kg (Local),Groceries,6,78000,0,Cash
NM-02349,2025-12-27,Lagos,Lagos - Ikeja,Ngozi Olawale,Retail,P030,Sugar 1kg (x10),Groceries,7,15000,0,POS
NM-02350,2025-12-27,Kano,Kano - Sabon Gari,Maryam Chukwu,Retail,P025,Vegetable Oil 5L,Groceries,4,17500,10,Cash
NM-02351,2025-12-27,Lagos,Lagos - Ikeja,Tolu Eze,Retail,P025,Vegetable Oil 5L,Groceries,3,17500,0,Cash
NM-02352,2025-12-27,Lagos,Lagos - Ikeja,Chioma Onyeka,Online,P028,Peak Milk Tin (24),Groceries,1,16500,0,Transfer
NM-02353,2025-12-27,Enugu,Enugu - Independence Layout,Dayo Abubakar,Wholesale,P026,Indomie Carton (40),Groceries,54,13500,15,Card
NM-02354,2025-12-28,Lagos,Lagos - Ikeja,Chioma Onyeka,Online,P007,Phone Charger (Fast),Accessories,11,7500,0,Cash
NM-02355,2025-12-28,Enugu,Enugu - Independence Layout,Zainab Obi,Retail,P026,Indomie Carton (40),Groceries,5,13500,0,POS
NM-02356,2025-12-28,Kano,Kano - Sabon Gari,Bisi Onyeka,Retail,P017,Binatone Blender,Appliances,5,29500,0,Cash
NM-02357,2025-12-28,Lagos,Lagos - Ikeja,Tolu Eze,Retail,P002,Infinix Hot 40,Phones,3,162000,5,Card
NM-02358,2025-12-28,Abuja,Abuja - Garki,Bola Okafor,Online,P023,Surge Protector,Power,10,12500,0,Transfer
NM-02359,2025-12-28,Abuja,Abuja - Wuse,Chidi Uzor,Wholesale,P020,Microwave Oven 20L,Appliances,36,86000,15,Transfer
NM-02360,2025-12-28,Lagos,Lagos - Ikeja,Ngozi Olawale,Retail,P025,Vegetable Oil 5L,Groceries,12,17500,0,POS
NM-02361,2025-12-28,Port Harcourt,Port Harcourt - GRA,Ibrahim Danjuma,Retail,P025,Vegetable Oil 5L,Groceries,7,17500,0,POS
NM-02362,2025-12-29,Kano,Kano - Sabon Gari,Bisi Onyeka,Retail,P026,Indomie Carton (40),Groceries,9,13500,5,Cash
NM-02363,2025-12-29,Abuja,Abuja - Wuse,Tunde Eze,Online,P038,Mattress 6x6,Furniture,2,178000,0,Transfer
NM-02364,2025-12-29,Lagos,Lagos - Surulere,Kelechi Garba,Online,P035,School Bag,Fashion,1,12500,0,Transfer
NM-02365,2025-12-29,Lagos,Lagos - Lekki,Uche Musa,Wholesale,P007,Phone Charger (Fast),Accessories,36,7500,15,Card
NM-02366,2025-12-29,Lagos,Lagos - Surulere,Adaeze Garba,Retail,P027,Milo 1kg Refill,Groceries,1,9200,5,Card
NM-02367,2025-12-29,Lagos,Lagos - Lekki,Uche Uzor,Retail,P026,Indomie Carton (40),Groceries,4,13500,0,POS
NM-02368,2025-12-29,Ibadan,Ibadan - Bodija,Bisi Olawale,Online,P027,Milo 1kg Refill,Groceries,12,9200,0,Transfer
NM-02369,2025-12-29,Enugu,Enugu - Independence Layout,Emeka Garba,Online,P029,Semovita 10kg,Groceries,3,11800,0,POS
NM-02370,2025-12-29,Lagos,Lagos - Surulere,Dayo Suleiman,Wholesale,P006,Oraimo FreePods 4,Accessories,88,25500,15,POS
NM-02371,2025-12-29,Lagos,Lagos - Lekki,Ifeanyi Adebayo,Retail,P024,Rice 50kg (Local),Groceries,7,78000,10,Transfer
NM-02372,2025-12-29,Lagos,Lagos - Surulere,Kelechi Garba,Online,P017,Binatone Blender,Appliances,5,29500,0,Transfer
NM-02373,2025-12-29,Port Harcourt,Port Harcourt - GRA,Segun Chukwu,Retail,P013,"Hisense 55"" 4K TV",TV & Audio,1,499000,0,POS
NM-02374,2025-12-29,Lagos,Lagos - Ikeja,Chioma Onyeka,Online,P025,Vegetable Oil 5L,Groceries,6,17500,0,Transfer
NM-02375,2025-12-29,Enugu,Enugu - Independence Layout,Zainab Obi,Retail,P006,Oraimo FreePods 4,Accessories,8,25500,5,Transfer
NM-02376,2025-12-29,Ibadan,Ibadan - Bodija,Bisi Olawale,Retail,P023,Surge Protector,Power,10,12500,0,Cash
NM-02377,2025-12-30,Abuja,Abuja - Wuse,Tunde Eze,Wholesale,P025,Vegetable Oil 5L,Groceries,40,17500,10,Cash
NM-02378,2025-12-30,Port Harcourt,Port Harcourt - GRA,Ibrahim Danjuma,Retail,P024,Rice 50kg (Local),Groceries,2,78000,5,Cash
NM-02379,2025-12-30,Port Harcourt,Port Harcourt - GRA,Segun Chukwu,Retail,P006,Oraimo FreePods 4,Accessories,12,25500,0,Transfer
NM-02380,2025-12-30,Port Harcourt,Port Harcourt - GRA,Nneka Olawale,Online,P011,Wireless Mouse,Accessories,1,9500,10,POS
NM-02381,2025-12-30,Lagos,Lagos - Lekki,Uche Uzor,Retail,P003,Samsung Galaxy A15,Phones,1,205000,5,Transfer
NM-02382,2025-12-30,Kano,Kano - Sabon Gari,Maryam Chukwu,Retail,P017,Binatone Blender,Appliances,12,29500,5,POS
NM-02383,2025-12-30,Abuja,Abuja - Wuse,Bola Musa,Wholesale,P029,Semovita 10kg,Groceries,35,11800,10,Transfer
NM-02384,2025-12-30,Lagos,Lagos - Surulere,Dayo Suleiman,Retail,P040,HP Ink Cartridge 305,Office,12,14500,5,Cash
NM-02385,2025-12-30,Lagos,Lagos - Ikeja,Chioma Onyeka,Retail,P029,Semovita 10kg,Groceries,8,11800,0,POS
NM-02386,2025-12-30,Abuja,Abuja - Wuse,Chidi Uzor,Online,P029,Semovita 10kg,Groceries,11,11800,15,Card
NM-02387,2025-12-30,Abuja,Abuja - Wuse,Bola Musa,Online,P004,iPhone 13 (Refurbished),Phones,2,640000,10,Transfer
NM-02388,2025-12-31,Abuja,Abuja - Garki,Femi Suleiman,Wholesale,P027,Milo 1kg Refill,Groceries,42,9200,10,Transfer
NM-02389,2025-12-31,Abuja,Abuja - Wuse,Bola Musa,Retail,P023,Surge Protector,Power,12,12500,0,Cash
NM-02390,2025-12-31,Lagos,Lagos - Surulere,Adaeze Garba,Online,P006,Oraimo FreePods 4,Accessories,10,25500,0,POS
NM-02391,2025-12-31,Kano,Kano - Sabon Gari,Bisi Onyeka,Online,P032,Men's Senator Wear,Fashion,3,35000,0,Transfer
NM-02392,2025-12-31,Abuja,Abuja - Garki,Bola Okafor,Retail,P034,Sneakers (Unisex),Fashion,8,26000,0,POS
NM-02393,2025-12-31,Lagos,Lagos - Lekki,Ifeanyi Adebayo,Retail,P032,Men's Senator Wear,Fashion,8,35000,10,Transfer
NM-02394,2025-12-31,Ibadan,Ibadan - Bodija,Tolu Bello,Retail,P027,Milo 1kg Refill,Groceries,6,9200,5,Cash
NM-02395,2025-12-31,Lagos,Lagos - Ikeja,Chioma Onyeka,Retail,P031,Ankara Fabric (6 yards),Fashion,8,18500,0,Card
NM-02396,2025-12-31,Enugu,Enugu - Independence Layout,Dayo Abubakar,Retail,P022,Inverter Battery 200Ah,Power,1,355000,0,Transfer
NM-02397,2025-12-31,Abuja,Abuja - Wuse,Tunde Eze,Retail,P006,Oraimo FreePods 4,Accessories,6,25500,10,Cash
NM-02398,2025-12-31,Port Harcourt,Port Harcourt - GRA,Nneka Olawale,Retail,P028,Peak Milk Tin (24),Groceries,5,16500,0,Transfer
NM-02399,2025-12-31,Kano,Kano - Sabon Gari,Hauwa Danjuma,Retail,P011,Wireless Mouse,Accessories,2,9500,0,Transfer
NM-02400,2025-12-31,Lagos,Lagos - Lekki,Uche Musa,Retail,P007,Phone Charger (Fast),Accessories,3,7500,5,POS
